path,lines
N3D/EngineTestbed.java,33
astar/ASearchNode.java,32
astar/AStar.java,111
astar/IGoalNode.java,6
astar/ISearchNode.java,34
astar/datastructures/ClosedSet.java,36
astar/datastructures/ClosedSetHash.java,58
astar/datastructures/HashPriorityQueue.java,66
astar/datastructures/IClosedSet.java,14
astar/datastructures/IOpenSet.java,18
astar/datastructures/OpenSet.java,59
astar/datastructures/OpenSetHash.java,50
astar/tests/AStarTest.java,30
astar/tests/DatastructuresTest.java,43
astar/tests/GoalNode2D.java,28
astar/tests/GoalNodeCity.java,18
astar/tests/SearchNode2D.java,93
astar/tests/SearchNodeCity.java,124
com/evildevil/engines/bubble/texture/DDPixelFormat.java,71
com/evildevil/engines/bubble/texture/DDSCaps2.java,26
com/evildevil/engines/bubble/texture/DDSLoader.java,188
com/evildevil/engines/bubble/texture/DDSurface.java,27
com/evildevil/engines/bubble/texture/DDSurfaceDesc2.java,102
com/evildevil/engines/bubble/texture/TextureFormatException.java,13
com/jcraft/jogg/Buffer.java,294
com/jcraft/jogg/Packet.java,12
com/jcraft/jogg/Page.java,108
com/jcraft/jogg/StreamState.java,389
com/jcraft/jogg/SyncState.java,190
com/jcraft/jorbis/Block.java,93
com/jcraft/jorbis/ChainingExample.java,48
com/jcraft/jorbis/CodeBook.java,452
com/jcraft/jorbis/Comment.java,220
com/jcraft/jorbis/DecodeExample.java,221
com/jcraft/jorbis/Drft.java,1419
com/jcraft/jorbis/DspState.java,277
com/jcraft/jorbis/Floor0.java,307
com/jcraft/jorbis/Floor1.java,743
com/jcraft/jorbis/FuncFloor.java,26
com/jcraft/jorbis/FuncMapping.java,20
com/jcraft/jorbis/FuncResidue.java,20
com/jcraft/jorbis/FuncTime.java,20
com/jcraft/jorbis/Info.java,389
com/jcraft/jorbis/InfoMode.java,9
com/jcraft/jorbis/JOrbisException.java,13
com/jcraft/jorbis/Lookup.java,339
com/jcraft/jorbis/Lpc.java,121
com/jcraft/jorbis/Lsp.java,61
com/jcraft/jorbis/Mapping0.java,313
com/jcraft/jorbis/Mdct.java,196
com/jcraft/jorbis/PsyInfo.java,42
com/jcraft/jorbis/PsyLook.java,15
com/jcraft/jorbis/Residue0.java,286
com/jcraft/jorbis/Residue1.java,17
com/jcraft/jorbis/Residue2.java,16
com/jcraft/jorbis/StaticCodeBook.java,309
com/jcraft/jorbis/Time0.java,33
com/jcraft/jorbis/Util.java,37
com/jcraft/jorbis/VorbisFile.java,1074
com/sixlegs/png/BasicPixelProcessor.java,33
com/sixlegs/png/ConvertIndexedDestination.java,65
com/sixlegs/png/Defilterer.java,182
com/sixlegs/png/Destination.java,18
com/sixlegs/png/GammaPixelProcessor.java,38
com/sixlegs/png/ImageDataInputStream.java,53
com/sixlegs/png/ImageFactory.java,238
com/sixlegs/png/Integers.java,39
com/sixlegs/png/PixelProcessor.java,6
com/sixlegs/png/PngConfig.java,186
com/sixlegs/png/PngConstants.java,109
com/sixlegs/png/PngException.java,40
com/sixlegs/png/PngImage.java,310
com/sixlegs/png/PngInputStream.java,206
com/sixlegs/png/ProgressUpdater.java,36
com/sixlegs/png/ProgressivePixelProcessor.java,49
com/sixlegs/png/RasterDestination.java,43
com/sixlegs/png/RegisteredChunks.java,551
com/sixlegs/png/SourceRegionDestination.java,67
com/sixlegs/png/StateMachine.java,121
com/sixlegs/png/SubsamplingDestination.java,56
com/sixlegs/png/SuggestedPalette.java,14
com/sixlegs/png/SuggestedPaletteImpl.java,58
com/sixlegs/png/TextChunk.java,14
com/sixlegs/png/TextChunkImpl.java,43
com/sixlegs/png/TransGammaPixelProcessor.java,42
de/jarnbjo/ogg/BasicStream.java,79
de/jarnbjo/ogg/CachedUrlStream.java,185
de/jarnbjo/ogg/EndOfOggStreamException.java,7
de/jarnbjo/ogg/FileStream.java,109
de/jarnbjo/ogg/LogicalOggStream.java,29
de/jarnbjo/ogg/LogicalOggStreamImpl.java,165
de/jarnbjo/ogg/OggFormatException.java,13
de/jarnbjo/ogg/OggPage.java,238
de/jarnbjo/ogg/OnDemandUrlStream.java,87
de/jarnbjo/ogg/PhysicalOggStream.java,19
de/jarnbjo/ogg/UncachedUrlStream.java,141
de/jarnbjo/util/audio/FadeableAudioInputStream.java,58
de/jarnbjo/util/io/BitInputStream.java,27
de/jarnbjo/util/io/ByteArrayBitInputStream.java,279
de/jarnbjo/util/io/HuffmanNode.java,95
de/jarnbjo/vorbis/AudioPacket.java,300
de/jarnbjo/vorbis/CodeBook.java,158
de/jarnbjo/vorbis/CommentHeader.java,203
de/jarnbjo/vorbis/Floor.java,284
de/jarnbjo/vorbis/Floor0.java,46
de/jarnbjo/vorbis/Floor1.java,245
de/jarnbjo/vorbis/IdentificationHeader.java,79
de/jarnbjo/vorbis/Mapping.java,33
de/jarnbjo/vorbis/Mapping0.java,117
de/jarnbjo/vorbis/MdctFloat.java,240
de/jarnbjo/vorbis/Mode.java,42
de/jarnbjo/vorbis/Residue.java,221
de/jarnbjo/vorbis/Residue0.java,21
de/jarnbjo/vorbis/Residue1.java,21
de/jarnbjo/vorbis/Residue2.java,92
de/jarnbjo/vorbis/SetupHeader.java,87
de/jarnbjo/vorbis/Util.java,110
de/jarnbjo/vorbis/VorbisAudioFileReader.java,166
de/jarnbjo/vorbis/VorbisFormatException.java,13
de/jarnbjo/vorbis/VorbisStream.java,191
fmod/FMODSoundBuffer.java,46
fmod/FMOD_DriverInfo.java,29
fmod/FMOD_RESULT.java,87
fmod/FMOD_STUDIO_EVENT_PROPERTY.java,10
fmod/SWIGTYPE_p_FMOD_3D_ROLLOFF_CALLBACK.java,18
fmod/SWIGTYPE_p_FMOD_ADVANCEDSETTINGS.java,18
fmod/SWIGTYPE_p_FMOD_BOOL.java,18
fmod/SWIGTYPE_p_FMOD_CHANNEL.java,18
fmod/SWIGTYPE_p_FMOD_CHANNELCONTROL_CALLBACK.java,18
fmod/SWIGTYPE_p_FMOD_CHANNELGROUP.java,18
fmod/SWIGTYPE_p_FMOD_CHANNELMASK.java,18
fmod/SWIGTYPE_p_FMOD_CODEC_DESCRIPTION.java,18
fmod/SWIGTYPE_p_FMOD_CREATESOUNDEXINFO.java,18
fmod/SWIGTYPE_p_FMOD_DEBUG_CALLBACK.java,18
fmod/SWIGTYPE_p_FMOD_DEBUG_FLAGS.java,18
fmod/SWIGTYPE_p_FMOD_DEBUG_MODE.java,18
fmod/SWIGTYPE_p_FMOD_DSP.java,18
fmod/SWIGTYPE_p_FMOD_DSPCONNECTION.java,18
fmod/SWIGTYPE_p_FMOD_DSPCONNECTION_TYPE.java,18
fmod/SWIGTYPE_p_FMOD_DSP_DESCRIPTION.java,18
fmod/SWIGTYPE_p_FMOD_DSP_METERING_INFO.java,18
fmod/SWIGTYPE_p_FMOD_DSP_TYPE.java,18
fmod/SWIGTYPE_p_FMOD_FILE_ASYNCCANCEL_CALLBACK.java,18
fmod/SWIGTYPE_p_FMOD_FILE_ASYNCREAD_CALLBACK.java,18
fmod/SWIGTYPE_p_FMOD_FILE_CLOSE_CALLBACK.java,18
fmod/SWIGTYPE_p_FMOD_FILE_OPEN_CALLBACK.java,18
fmod/SWIGTYPE_p_FMOD_FILE_READ_CALLBACK.java,18
fmod/SWIGTYPE_p_FMOD_FILE_SEEK_CALLBACK.java,18
fmod/SWIGTYPE_p_FMOD_GEOMETRY.java,18
fmod/SWIGTYPE_p_FMOD_GUID.java,18
fmod/SWIGTYPE_p_FMOD_INITFLAGS.java,18
fmod/SWIGTYPE_p_FMOD_MEMORY_ALLOC_CALLBACK.java,18
fmod/SWIGTYPE_p_FMOD_MEMORY_FREE_CALLBACK.java,18
fmod/SWIGTYPE_p_FMOD_MEMORY_REALLOC_CALLBACK.java,18
fmod/SWIGTYPE_p_FMOD_MEMORY_TYPE.java,18
fmod/SWIGTYPE_p_FMOD_MODE.java,18
fmod/SWIGTYPE_p_FMOD_OPENSTATE.java,18
fmod/SWIGTYPE_p_FMOD_OUTPUTTYPE.java,18
fmod/SWIGTYPE_p_FMOD_PLUGINTYPE.java,18
fmod/SWIGTYPE_p_FMOD_PORT_INDEX.java,18
fmod/SWIGTYPE_p_FMOD_PORT_TYPE.java,18
fmod/SWIGTYPE_p_FMOD_RESULT.java,18
fmod/SWIGTYPE_p_FMOD_REVERB3D.java,18
fmod/SWIGTYPE_p_FMOD_REVERB_PROPERTIES.java,18
fmod/SWIGTYPE_p_FMOD_SOUND.java,18
fmod/SWIGTYPE_p_FMOD_SOUNDGROUP.java,18
fmod/SWIGTYPE_p_FMOD_SOUNDGROUP_BEHAVIOR.java,18
fmod/SWIGTYPE_p_FMOD_SOUND_FORMAT.java,18
fmod/SWIGTYPE_p_FMOD_SOUND_TYPE.java,18
fmod/SWIGTYPE_p_FMOD_SPEAKER.java,18
fmod/SWIGTYPE_p_FMOD_SPEAKERMODE.java,18
fmod/SWIGTYPE_p_FMOD_SYNCPOINT.java,18
fmod/SWIGTYPE_p_FMOD_SYSTEM.java,18
fmod/SWIGTYPE_p_FMOD_SYSTEM_CALLBACK.java,18
fmod/SWIGTYPE_p_FMOD_SYSTEM_CALLBACK_TYPE.java,18
fmod/SWIGTYPE_p_FMOD_TAG.java,18
fmod/SWIGTYPE_p_FMOD_TIMEUNIT.java,18
fmod/SWIGTYPE_p_FMOD_VECTOR.java,18
fmod/SWIGTYPE_p_float.java,18
fmod/SWIGTYPE_p_int.java,18
fmod/SWIGTYPE_p_p_FMOD_CHANNEL.java,18
fmod/SWIGTYPE_p_p_FMOD_CHANNELGROUP.java,18
fmod/SWIGTYPE_p_p_FMOD_DSP.java,18
fmod/SWIGTYPE_p_p_FMOD_DSPCONNECTION.java,18
fmod/SWIGTYPE_p_p_FMOD_DSP_DESCRIPTION.java,18
fmod/SWIGTYPE_p_p_FMOD_DSP_PARAMETER_DESC.java,18
fmod/SWIGTYPE_p_p_FMOD_GEOMETRY.java,18
fmod/SWIGTYPE_p_p_FMOD_REVERB3D.java,18
fmod/SWIGTYPE_p_p_FMOD_SOUND.java,18
fmod/SWIGTYPE_p_p_FMOD_SOUNDGROUP.java,18
fmod/SWIGTYPE_p_p_FMOD_SYNCPOINT.java,18
fmod/SWIGTYPE_p_p_FMOD_SYSTEM.java,18
fmod/SWIGTYPE_p_p_FMOD_VECTOR.java,18
fmod/SWIGTYPE_p_p_void.java,18
fmod/SWIGTYPE_p_unsigned_int.java,18
fmod/SWIGTYPE_p_unsigned_long_long.java,18
fmod/SWIGTYPE_p_void.java,18
fmod/SoundBuffer.java,102
fmod/fmod/Audio.java,18
fmod/fmod/BaseSoundListener.java,21
fmod/fmod/DummySoundListener.java,12
fmod/fmod/EmitterType.java,8
fmod/fmod/FMODAudio.java,44
fmod/fmod/FMODFootstep.java,59
fmod/fmod/FMODManager.java,537
fmod/fmod/FMODSoundBank.java,45
fmod/fmod/FMODSoundEmitter.java,1429
fmod/fmod/FMODVoice.java,12
fmod/fmod/FMOD_GUID.java,14
fmod/fmod/FMOD_STUDIO_EVENT_CALLBACK.java,13
fmod/fmod/FMOD_STUDIO_EVENT_CALLBACK_TYPE.java,30
fmod/fmod/FMOD_STUDIO_EVENT_DESCRIPTION.java,25
fmod/fmod/FMOD_STUDIO_PARAMETER_DESCRIPTION.java,20
fmod/fmod/FMOD_STUDIO_PARAMETER_FLAGS.java,15
fmod/fmod/FMOD_STUDIO_PARAMETER_ID.java,14
fmod/fmod/FMOD_STUDIO_PLAYBACK_STATE.java,17
fmod/fmod/IFMODListener.java,5
fmod/fmod/IFMODParameterUpdater.java,16
fmod/fmod/SoundListener.java,55
fmod/javafmod.java,2864
fmod/javafmodJNI.java,972
javax/vecmath/AxisAngle4d.java,319
javax/vecmath/AxisAngle4f.java,319
javax/vecmath/Color3b.java,45
javax/vecmath/Color3f.java,49
javax/vecmath/Color4b.java,47
javax/vecmath/Color4f.java,51
javax/vecmath/GMatrix.java,2105
javax/vecmath/GVector.java,596
javax/vecmath/Matrix3d.java,2308
javax/vecmath/Matrix3f.java,1426
javax/vecmath/Matrix4d.java,2602
javax/vecmath/Matrix4f.java,2413
javax/vecmath/MismatchedSizeException.java,11
javax/vecmath/Point2d.java,55
javax/vecmath/Point2f.java,55
javax/vecmath/Point2i.java,23
javax/vecmath/Point3d.java,65
javax/vecmath/Point3f.java,65
javax/vecmath/Point3i.java,23
javax/vecmath/Point4d.java,80
javax/vecmath/Point4f.java,80
javax/vecmath/Point4i.java,23
javax/vecmath/Quat4d.java,416
javax/vecmath/Quat4f.java,416
javax/vecmath/SingularMatrixException.java,11
javax/vecmath/TexCoord2f.java,27
javax/vecmath/TexCoord3f.java,31
javax/vecmath/TexCoord4f.java,31
javax/vecmath/Tuple2d.java,280
javax/vecmath/Tuple2f.java,280
javax/vecmath/Tuple2i.java,245
javax/vecmath/Tuple3b.java,122
javax/vecmath/Tuple3d.java,406
javax/vecmath/Tuple3f.java,361
javax/vecmath/Tuple3i.java,310
javax/vecmath/Tuple4b.java,139
javax/vecmath/Tuple4d.java,482
javax/vecmath/Tuple4f.java,437
javax/vecmath/Tuple4i.java,375
javax/vecmath/VecMathI18N.java,19
javax/vecmath/VecMathUtil.java,15
javax/vecmath/Vector2d.java,72
javax/vecmath/Vector2f.java,72
javax/vecmath/Vector3d.java,82
javax/vecmath/Vector3f.java,82
javax/vecmath/Vector4d.java,87
javax/vecmath/Vector4f.java,87
org/joml/AxisAngle4d.java,658
org/joml/AxisAngle4f.java,600
org/joml/ConfigurationException.java,10
org/joml/FrustumIntersection.java,492
org/joml/FrustumRayBuilder.java,89
org/joml/GeometryUtils.java,112
org/joml/Interpolationd.java,155
org/joml/Interpolationf.java,155
org/joml/Math.java,547
org/joml/Matrix2d.java,949
org/joml/Matrix2dc.java,111
org/joml/Matrix2f.java,887
org/joml/Matrix2fc.java,109
org/joml/Matrix3d.java,2496
org/joml/Matrix3dStack.java,109
org/joml/Matrix3dc.java,200
org/joml/Matrix3f.java,2154
org/joml/Matrix3fStack.java,109
org/joml/Matrix3fc.java,189
org/joml/Matrix3x2d.java,1104
org/joml/Matrix3x2dStack.java,109
org/joml/Matrix3x2dc.java,149
org/joml/Matrix3x2f.java,1106
org/joml/Matrix3x2fStack.java,109
org/joml/Matrix3x2fc.java,147
org/joml/Matrix4d.java,9231
org/joml/Matrix4dStack.java,109
org/joml/Matrix4dc.java,582
org/joml/Matrix4f.java,8281
org/joml/Matrix4fStack.java,109
org/joml/Matrix4fc.java,561
org/joml/Matrix4x3d.java,5171
org/joml/Matrix4x3dStack.java,109
org/joml/Matrix4x3dc.java,334
org/joml/Matrix4x3f.java,4656
org/joml/Matrix4x3fStack.java,109
org/joml/Matrix4x3fc.java,307
org/joml/MemUtil.java,6528
org/joml/Options.java,45
org/joml/PolygonsIntersection.java,278
org/joml/Quaterniond.java,2371
org/joml/QuaterniondInterpolator.java,375
org/joml/Quaterniondc.java,262
org/joml/Quaternionf.java,2484
org/joml/QuaternionfInterpolator.java,373
org/joml/Quaternionfc.java,283
org/joml/Random.java,88
org/joml/RayAabIntersection.java,380
org/joml/RoundingMode.java,14
org/joml/Runtime.java,126
org/joml/SimplexNoise.java,686
org/joml/Vector2d.java,846
org/joml/Vector2dc.java,121
org/joml/Vector2f.java,758
org/joml/Vector2fc.java,109
org/joml/Vector2i.java,523
org/joml/Vector2ic.java,71
org/joml/Vector3d.java,1814
org/joml/Vector3dc.java,220
org/joml/Vector3f.java,1464
org/joml/Vector3fc.java,175
org/joml/Vector3i.java,625
org/joml/Vector3ic.java,73
org/joml/Vector4d.java,1458
org/joml/Vector4dc.java,156
org/joml/Vector4f.java,1342
org/joml/Vector4fc.java,141
org/joml/Vector4i.java,712
org/joml/Vector4ic.java,77
org/joml/sampling/BestCandidateSampling.java,805
org/joml/sampling/Callback2d.java,6
org/joml/sampling/Callback3d.java,6
org/joml/sampling/Convolution.java,63
org/joml/sampling/Math.java,28
org/joml/sampling/PoissonSampling.java,108
org/joml/sampling/SpiralSampling.java,34
org/joml/sampling/StratifiedSampling.java,35
org/joml/sampling/UniformSampling.java,52
org/luaj/kahluafork/compiler/BlockCnt.java,10
org/luaj/kahluafork/compiler/ConsControl.java,10
org/luaj/kahluafork/compiler/ExpDesc.java,46
org/luaj/kahluafork/compiler/FuncState.java,1269
org/luaj/kahluafork/compiler/InstructionPtr.java,20
org/luaj/kahluafork/compiler/LHS_assign.java,7
org/luaj/kahluafork/compiler/LexState.java,1650
org/luaj/kahluafork/compiler/Token.java,14
org/lwjglx/BufferUtils.java,92
org/lwjglx/LWJGLException.java,21
org/lwjglx/LWJGLUtil.java,81
org/lwjglx/Sys.java,18
org/lwjglx/input/Controller.java,209
org/lwjglx/input/Controllers.java,145
org/lwjglx/input/Cursor.java,95
org/lwjglx/input/EventQueue.java,53
org/lwjglx/input/GamepadState.java,27
org/lwjglx/input/KeyCodes.java,777
org/lwjglx/input/KeyEventQueue.java,57
org/lwjglx/input/Keyboard.java,291
org/lwjglx/input/Mouse.java,186
org/lwjglx/opengl/Display.java,559
org/lwjglx/opengl/DisplayMode.java,72
org/lwjglx/opengl/OpenGLException.java,30
org/lwjglx/opengl/PixelFormat.java,240
org/lwjglx/opengl/PixelFormatLWJGL.java,5
org/lwjglx/opengl/Sync.java,111
org/lwjglx/opengl/Util.java,41
org/lwjglx/util/glu/Cylinder.java,140
org/lwjglx/util/glu/Disk.java,140
org/lwjglx/util/glu/GLU.java,187
org/lwjglx/util/glu/GLUtessellator.java,30
org/lwjglx/util/glu/GLUtessellatorCallback.java,28
org/lwjglx/util/glu/GLUtessellatorCallbackAdapter.java,52
org/lwjglx/util/glu/MipMap.java,262
org/lwjglx/util/glu/PartialDisk.java,264
org/lwjglx/util/glu/PixelStoreState.java,41
org/lwjglx/util/glu/Project.java,215
org/lwjglx/util/glu/Quadric.java,68
org/lwjglx/util/glu/Registry.java,19
org/lwjglx/util/glu/Sphere.java,178
org/lwjglx/util/glu/Util.java,91
org/lwjglx/util/glu/tessellation/ActiveRegion.java,12
org/lwjglx/util/glu/tessellation/CachedVertex.java,7
org/lwjglx/util/glu/tessellation/Dict.java,85
org/lwjglx/util/glu/tessellation/DictNode.java,8
org/lwjglx/util/glu/tessellation/GLUface.java,12
org/lwjglx/util/glu/tessellation/GLUhalfEdge.java,18
org/lwjglx/util/glu/tessellation/GLUmesh.java,9
org/lwjglx/util/glu/tessellation/GLUtessellatorImpl.java,495
org/lwjglx/util/glu/tessellation/GLUvertex.java,13
org/lwjglx/util/glu/tessellation/Geom.java,178
org/lwjglx/util/glu/tessellation/Mesh.java,499
org/lwjglx/util/glu/tessellation/Normal.java,182
org/lwjglx/util/glu/tessellation/PriorityQ.java,41
org/lwjglx/util/glu/tessellation/PriorityQHeap.java,201
org/lwjglx/util/glu/tessellation/PriorityQSort.java,214
org/lwjglx/util/glu/tessellation/Render.java,353
org/lwjglx/util/glu/tessellation/Sweep.java,970
org/lwjglx/util/glu/tessellation/TessMono.java,115
org/lwjglx/util/glu/tessellation/TessState.java,8
org/lwjglx/util/vector/Matrix.java,30
org/lwjglx/util/vector/Matrix2f.java,233
org/lwjglx/util/vector/Matrix3f.java,323
org/lwjglx/util/vector/Matrix4f.java,652
org/lwjglx/util/vector/Quaternion.java,282
org/lwjglx/util/vector/ReadableVector.java,12
org/lwjglx/util/vector/ReadableVector2f.java,8
org/lwjglx/util/vector/ReadableVector3f.java,6
org/lwjglx/util/vector/ReadableVector4f.java,6
org/lwjglx/util/vector/Vector.java,37
org/lwjglx/util/vector/Vector2f.java,158
org/lwjglx/util/vector/Vector3f.java,198
org/lwjglx/util/vector/Vector4f.java,203
org/lwjglx/util/vector/WritableVector2f.java,10
org/lwjglx/util/vector/WritableVector3f.java,8
org/lwjglx/util/vector/WritableVector4f.java,8
org/mindrot/jbcrypt/BCrypt.java,1583
se/krka/kahlua/Version.java,10
se/krka/kahlua/converter/JavaToLuaConverter.java,8
se/krka/kahlua/converter/KahluaConverterManager.java,213
se/krka/kahlua/converter/KahluaEnumConverter.java,35
se/krka/kahlua/converter/KahluaNumberConverter.java,141
se/krka/kahlua/converter/KahluaTableConverter.java,167
se/krka/kahlua/converter/LuaToJavaConverter.java,10
se/krka/kahlua/converter/MultiJavaToLuaConverter.java,35
se/krka/kahlua/converter/MultiLuaToJavaConverter.java,42
se/krka/kahlua/integration/LuaCaller.java,119
se/krka/kahlua/integration/LuaFail.java,45
se/krka/kahlua/integration/LuaReturn.java,54
se/krka/kahlua/integration/LuaSuccess.java,33
se/krka/kahlua/integration/annotations/Desc.java,15
se/krka/kahlua/integration/annotations/LuaConstructor.java,13
se/krka/kahlua/integration/annotations/LuaMethod.java,17
se/krka/kahlua/integration/doc/ApiDocumentationExporter.java,102
se/krka/kahlua/integration/doc/ApiInformation.java,17
se/krka/kahlua/integration/doc/DokuWikiPrinter.java,127
se/krka/kahlua/integration/expose/AnnotationUtil.java,36
se/krka/kahlua/integration/expose/ClassDebugInformation.java,140
se/krka/kahlua/integration/expose/IterableExposer.java,22
se/krka/kahlua/integration/expose/LuaJavaClassExposer.java,437
se/krka/kahlua/integration/expose/LuaJavaInvoker.java,300
se/krka/kahlua/integration/expose/MethodArguments.java,99
se/krka/kahlua/integration/expose/MethodDebugInformation.java,95
se/krka/kahlua/integration/expose/MethodParameter.java,26
se/krka/kahlua/integration/expose/MultiLuaJavaInvoker.java,118
se/krka/kahlua/integration/expose/ReturnValues.java,68
se/krka/kahlua/integration/expose/TypeUtil.java,101
se/krka/kahlua/integration/expose/caller/AbstractCaller.java,54
se/krka/kahlua/integration/expose/caller/Caller.java,21
se/krka/kahlua/integration/expose/caller/ConstructorCaller.java,52
se/krka/kahlua/integration/expose/caller/MethodCaller.java,78
se/krka/kahlua/integration/processor/ClassParameterInformation.java,84
se/krka/kahlua/integration/processor/DescriptorUtil.java,39
se/krka/kahlua/integration/processor/LuaDebugDataProcessor.java,173
se/krka/kahlua/integration/processor/MethodParameterInformation.java,20
se/krka/kahlua/j2se/J2SEPlatform.java,80
se/krka/kahlua/j2se/KahluaTableImpl.java,380
se/krka/kahlua/j2se/MathLib.java,393
se/krka/kahlua/luaj/compiler/LuaCompiler.java,110
se/krka/kahlua/profiler/AggregatingProfiler.java,23
se/krka/kahlua/profiler/BufferedProfiler.java,20
se/krka/kahlua/profiler/DebugProfiler.java,22
se/krka/kahlua/profiler/FakeStacktraceElement.java,44
se/krka/kahlua/profiler/JavaStacktraceElement.java,36
se/krka/kahlua/profiler/LuaStacktraceElement.java,54
se/krka/kahlua/profiler/Profiler.java,6
se/krka/kahlua/profiler/Sample.java,22
se/krka/kahlua/profiler/Sampler.java,65
se/krka/kahlua/profiler/StacktraceCounter.java,32
se/krka/kahlua/profiler/StacktraceElement.java,8
se/krka/kahlua/profiler/StacktraceNode.java,71
se/krka/kahlua/require/Loadfile.java,37
se/krka/kahlua/require/LuaSourceProvider.java,8
se/krka/kahlua/require/Require.java,96
se/krka/kahlua/stdlib/BaseLib.java,475
se/krka/kahlua/stdlib/CoroutineLib.java,145
se/krka/kahlua/stdlib/OsLib.java,338
se/krka/kahlua/stdlib/RandomLib.java,105
se/krka/kahlua/stdlib/StringLib.java,1617
se/krka/kahlua/stdlib/TableLib.java,242
se/krka/kahlua/test/UserdataArray.java,108
se/krka/kahlua/threading/BlockingKahluaThread.java,230
se/krka/kahlua/threading/VerifiedSingleKahluaThread.java,193
se/krka/kahlua/vm/Coroutine.java,370
se/krka/kahlua/vm/JavaFunction.java,6
se/krka/kahlua/vm/KahluaArray.java,208
se/krka/kahlua/vm/KahluaException.java,16
se/krka/kahlua/vm/KahluaTable.java,41
se/krka/kahlua/vm/KahluaTableIterator.java,10
se/krka/kahlua/vm/KahluaThread.java,1738
se/krka/kahlua/vm/KahluaUtil.java,348
se/krka/kahlua/vm/LuaCallFrame.java,225
se/krka/kahlua/vm/LuaClosure.java,64
se/krka/kahlua/vm/Platform.java,12
se/krka/kahlua/vm/Prototype.java,302
se/krka/kahlua/vm/UpValue.java,34
zombie/AmbientSoundManager.java,248
zombie/AmbientStreamManager.java,745
zombie/BaseAmbientStreamManager.java,28
zombie/BaseSoundManager.java,156
zombie/BitMatrix.java,18
zombie/ChunkMapFilenames.java,61
zombie/CollisionManager.java,354
zombie/CollisionMatrixPrototypes.java,44
zombie/DebugFileWatcher.java,157
zombie/DummyAmbientStreamManager.java,50
zombie/DummySoundManager.java,326
zombie/FPSTracking.java,72
zombie/FileGuidPair.java,7
zombie/FileGuidTable.java,48
zombie/FliesSound.java,451
zombie/GameProfileRecording.java,238
zombie/GameProfiler.java,294
zombie/GameSounds.java,527
zombie/GameTime.java,1656
zombie/GameWindow.java,1220
zombie/ISoundSystem.java,83
zombie/IndieGL.java,347
zombie/IntArrayCache.java,41
zombie/LoadGridsquarePerformanceWorkaround.java,84
zombie/LootRespawn.java,234
zombie/Lua/Event.java,125
zombie/Lua/KahluaNumberConverter.java,163
zombie/Lua/LuaBackendClass.java,222
zombie/Lua/LuaEventManager.java,635
zombie/Lua/LuaHookManager.java,179
zombie/Lua/LuaManager.java,9102
zombie/Lua/MapObjects.java,280
zombie/MapCollisionData.java,564
zombie/MapGroups.java,486
zombie/MovingObjectUpdateScheduler.java,174
zombie/MovingObjectUpdateSchedulerUpdateBucket.java,98
zombie/PersistentOutfits.java,359
zombie/PredicatedFileWatcher.java,86
zombie/ReanimatedPlayers.java,214
zombie/SandboxOptions.java,1923
zombie/ShaderStackEntry.java,27
zombie/SharedDescriptors.java,232
zombie/SoundManager.java,986
zombie/SvnVersion.java,8
zombie/SystemDisabler.java,99
zombie/TimeDebugger.java,92
zombie/VirtualZombieManager.java,973
zombie/WorldSoundManager.java,468
zombie/ZombieSpawnRecorder.java,70
zombie/ZombieTemplateManager.java,27
zombie/ZomboidBitFlag.java,73
zombie/ZomboidFileSystem.java,1340
zombie/ZomboidGlobals.java,134
zombie/ai/AIBrainPlayerControlVars.java,13
zombie/ai/GameCharacterAIBrain.java,226
zombie/ai/KnownBlockedEdges.java,55
zombie/ai/MapKnowledge.java,109
zombie/ai/State.java,61
zombie/ai/StateMachine.java,205
zombie/ai/WalkingOnTheSpot.java,29
zombie/ai/ZombieGroupManager.java,307
zombie/ai/astar/AStarPathFinder.java,11
zombie/ai/astar/AStarPathFinderResult.java,7
zombie/ai/astar/IPathfinder.java,10
zombie/ai/astar/Mover.java,11
zombie/ai/astar/Path.java,172
zombie/ai/permission/DefaultStatePermissions.java,18
zombie/ai/permission/GenericStatePermissions.java,27
zombie/ai/permission/IStatePermissions.java,10
zombie/ai/sadisticAIDirector/SleepingEvent.java,501
zombie/ai/sadisticAIDirector/SleepingEventData.java,34
zombie/ai/states/AttackNetworkState.java,136
zombie/ai/states/AttackState.java,261
zombie/ai/states/BumpedState.java,106
zombie/ai/states/BurntToDeath.java,63
zombie/ai/states/ClimbDownSheetRopeState.java,146
zombie/ai/states/ClimbOverFenceState.java,631
zombie/ai/states/ClimbOverWallState.java,302
zombie/ai/states/ClimbSheetRopeState.java,217
zombie/ai/states/ClimbThroughWindowState.java,605
zombie/ai/states/CloseWindowState.java,202
zombie/ai/states/CollideWithWallState.java,66
zombie/ai/states/CrawlingZombieTurnState.java,59
zombie/ai/states/FakeDeadAttackState.java,65
zombie/ai/states/FakeDeadZombieState.java,45
zombie/ai/states/FishingState.java,54
zombie/ai/states/FitnessState.java,46
zombie/ai/states/ForecastBeatenPlayerState.java,36
zombie/ai/states/IdleState.java,22
zombie/ai/states/LungeNetworkState.java,75
zombie/ai/states/LungeState.java,102
zombie/ai/states/OpenWindowState.java,262
zombie/ai/states/PathFindState.java,13
zombie/ai/states/PlayerActionsState.java,82
zombie/ai/states/PlayerAimState.java,37
zombie/ai/states/PlayerEmoteState.java,53
zombie/ai/states/PlayerExtState.java,35
zombie/ai/states/PlayerFallDownState.java,42
zombie/ai/states/PlayerFallingState.java,29
zombie/ai/states/PlayerGetUpState.java,60
zombie/ai/states/PlayerHitReactionPVPState.java,73
zombie/ai/states/PlayerHitReactionState.java,80
zombie/ai/states/PlayerKnockedDown.java,59
zombie/ai/states/PlayerOnGroundState.java,38
zombie/ai/states/PlayerSitOnGroundState.java,145
zombie/ai/states/PlayerStrafeState.java,37
zombie/ai/states/SmashWindowState.java,123
zombie/ai/states/StaggerBackState.java,60
zombie/ai/states/SwipeStatePlayer.java,2266
zombie/ai/states/ThumpState.java,263
zombie/ai/states/WalkTowardNetworkState.java,127
zombie/ai/states/WalkTowardState.java,235
zombie/ai/states/ZombieEatBodyState.java,109
zombie/ai/states/ZombieFaceTargetState.java,30
zombie/ai/states/ZombieFallDownState.java,42
zombie/ai/states/ZombieFallingState.java,37
zombie/ai/states/ZombieGetDownState.java,76
zombie/ai/states/ZombieGetUpFromCrawlState.java,52
zombie/ai/states/ZombieGetUpState.java,83
zombie/ai/states/ZombieHitReactionState.java,156
zombie/ai/states/ZombieIdleState.java,106
zombie/ai/states/ZombieOnGroundState.java,123
zombie/ai/states/ZombieReanimateState.java,50
zombie/ai/states/ZombieSittingState.java,32
zombie/ai/states/ZombieTurnAlerted.java,39
zombie/asset/Asset.java,233
zombie/asset/AssetManager.java,206
zombie/asset/AssetManagers.java,29
zombie/asset/AssetPath.java,29
zombie/asset/AssetStateObserver.java,6
zombie/asset/AssetTask.java,14
zombie/asset/AssetTask_LoadFromFileAsync.java,44
zombie/asset/AssetTask_RunFileTask.java,28
zombie/asset/AssetType.java,15
zombie/asset/FileTask_Exists.java,25
zombie/asset/FileTask_LoadAiScene.java,38
zombie/asset/FileTask_LoadImageData.java,51
zombie/asset/FileTask_LoadPackImage.java,47
zombie/asset/FileTask_ParseXML.java,34
zombie/audio/BaseSoundBank.java,17
zombie/audio/BaseSoundEmitter.java,83
zombie/audio/DummySoundBank.java,25
zombie/audio/DummySoundEmitter.java,175
zombie/audio/FMODGlobalParameter.java,26
zombie/audio/FMODLocalParameter.java,40
zombie/audio/FMODParameter.java,52
zombie/audio/FMODParameterList.java,27
zombie/audio/GameSound.java,85
zombie/audio/GameSoundClip.java,141
zombie/audio/ObjectAmbientEmitters.java,672
zombie/audio/parameters/ParameterCameraZoom.java,37
zombie/audio/parameters/ParameterCharacterInside.java,23
zombie/audio/parameters/ParameterCharacterMovementSpeed.java,39
zombie/audio/parameters/ParameterClosestWallDistance.java,32
zombie/audio/parameters/ParameterCurrentZone.java,66
zombie/audio/parameters/ParameterEquippedBaggageContainer.java,49
zombie/audio/parameters/ParameterFireSize.java,21
zombie/audio/parameters/ParameterFogIntensity.java,16
zombie/audio/parameters/ParameterFootstepMaterial.java,97
zombie/audio/parameters/ParameterFootstepMaterial2.java,51
zombie/audio/parameters/ParameterHardOfHearing.java,46
zombie/audio/parameters/ParameterInside.java,39
zombie/audio/parameters/ParameterLocalPlayer.java,19
zombie/audio/parameters/ParameterMeleeHitSurface.java,54
zombie/audio/parameters/ParameterMoodlePanic.java,32
zombie/audio/parameters/ParameterMusicActionStyle.java,29
zombie/audio/parameters/ParameterMusicLibrary.java,32
zombie/audio/parameters/ParameterMusicState.java,35
zombie/audio/parameters/ParameterMusicWakeState.java,68
zombie/audio/parameters/ParameterMusicZombiesTargeting.java,43
zombie/audio/parameters/ParameterMusicZombiesVisible.java,43
zombie/audio/parameters/ParameterOcclusion.java,57
zombie/audio/parameters/ParameterPlayerDistance.java,20
zombie/audio/parameters/ParameterPlayerHealth.java,20
zombie/audio/parameters/ParameterPowerSupply.java,16
zombie/audio/parameters/ParameterRainIntensity.java,16
zombie/audio/parameters/ParameterRoomSize.java,43
zombie/audio/parameters/ParameterRoomType.java,114
zombie/audio/parameters/ParameterSeason.java,27
zombie/audio/parameters/ParameterShoeType.java,76
zombie/audio/parameters/ParameterSnowIntensity.java,16
zombie/audio/parameters/ParameterStorm.java,32
zombie/audio/parameters/ParameterTemperature.java,16
zombie/audio/parameters/ParameterTimeOfDay.java,36
zombie/audio/parameters/ParameterVehicleBrake.java,19
zombie/audio/parameters/ParameterVehicleEngineCondition.java,22
zombie/audio/parameters/ParameterVehicleGear.java,19
zombie/audio/parameters/ParameterVehicleHitLocation.java,62
zombie/audio/parameters/ParameterVehicleLoad.java,19
zombie/audio/parameters/ParameterVehicleRPM.java,32
zombie/audio/parameters/ParameterVehicleRoadMaterial.java,85
zombie/audio/parameters/ParameterVehicleSkid.java,40
zombie/audio/parameters/ParameterVehicleSpeed.java,19
zombie/audio/parameters/ParameterVehicleSteer.java,38
zombie/audio/parameters/ParameterVehicleTireMissing.java,34
zombie/audio/parameters/ParameterWaterSupply.java,17
zombie/audio/parameters/ParameterWeatherEvent.java,35
zombie/audio/parameters/ParameterWindIntensity.java,17
zombie/audio/parameters/ParameterZombieState.java,61
zombie/audio/parameters/ParameterZone.java,63
zombie/audio/parameters/ParameterZoneWaterSide.java,80
zombie/characterTextures/BloodBodyPartType.java,286
zombie/characterTextures/BloodClothingType.java,574
zombie/characterTextures/CharacterSmartTexture.java,287
zombie/characterTextures/ItemSmartTexture.java,177
zombie/characters/AnimStateTriggerXmlFile.java,15
zombie/characters/AttachedItems/AttachedItem.java,30
zombie/characters/AttachedItems/AttachedItems.java,127
zombie/characters/AttachedItems/AttachedLocation.java,37
zombie/characters/AttachedItems/AttachedLocationGroup.java,69
zombie/characters/AttachedItems/AttachedLocations.java,25
zombie/characters/AttachedItems/AttachedModelName.java,54
zombie/characters/AttachedItems/AttachedModelNames.java,77
zombie/characters/AttachedItems/AttachedModels.java,8
zombie/characters/AttachedItems/AttachedWeaponCustomOutfit.java,11
zombie/characters/AttachedItems/AttachedWeaponDefinition.java,17
zombie/characters/AttachedItems/AttachedWeaponDefinitions.java,284
zombie/characters/BaseCharacterSoundEmitter.java,57
zombie/characters/BaseZombieSoundManager.java,98
zombie/characters/BodyDamage/BodyDamage.java,3340
zombie/characters/BodyDamage/BodyPart.java,1783
zombie/characters/BodyDamage/BodyPartContacts.java,181
zombie/characters/BodyDamage/BodyPartLast.java,32
zombie/characters/BodyDamage/BodyPartType.java,742
zombie/characters/BodyDamage/Fitness.java,445
zombie/characters/BodyDamage/Metabolics.java,66
zombie/characters/BodyDamage/Nutrition.java,422
zombie/characters/BodyDamage/Thermoregulator.java,1215
zombie/characters/BodyDamage/Thermoregulator_tryouts.java,1515
zombie/characters/CharacterActionAnims.java,31
zombie/characters/CharacterSoundEmitter.java,334
zombie/characters/CharacterTimedActions/BaseAction.java,268
zombie/characters/CharacterTimedActions/LuaTimedAction.java,110
zombie/characters/CharacterTimedActions/LuaTimedActionNew.java,135
zombie/characters/ClothingWetness.java,404
zombie/characters/DummyCharacterSoundEmitter.java,152
zombie/characters/EquippedTextureCreator.java,120
zombie/characters/Faction.java,328
zombie/characters/HairOutfitDefinitions.java,279
zombie/characters/HaloTextHelper.java,140
zombie/characters/HitReactionNetworkAI.java,271
zombie/characters/IComparitor.java,6
zombie/characters/ILuaGameCharacter.java,358
zombie/characters/ILuaGameCharacterAttachedItems.java,22
zombie/characters/ILuaGameCharacterClothing.java,44
zombie/characters/ILuaGameCharacterDamage.java,57
zombie/characters/ILuaGameCharacterHealth.java,30
zombie/characters/ILuaVariableSource.java,13
zombie/characters/IsoDummyCameraCharacter.java,15
zombie/characters/IsoGameCharacter.java,13803
zombie/characters/IsoLivingCharacter.java,183
zombie/characters/IsoLuaCharacter.java,16
zombie/characters/IsoPlayer.java,7661
zombie/characters/IsoSurvivor.java,107
zombie/characters/IsoZombie.java,4626
zombie/characters/MPDebugAI.java,149
zombie/characters/Moodles/Moodle.java,690
zombie/characters/Moodles/MoodleType.java,878
zombie/characters/Moodles/Moodles.java,104
zombie/characters/MoveDeltaModifiers.java,8
zombie/characters/NetworkCharacter.java,211
zombie/characters/NetworkCharacterAI.java,295
zombie/characters/NetworkPlayerAI.java,350
zombie/characters/NetworkPlayerVariables.java,66
zombie/characters/NetworkTeleport.java,307
zombie/characters/NetworkZombieAI.java,289
zombie/characters/NetworkZombieMind.java,100
zombie/characters/NetworkZombieVariables.java,108
zombie/characters/Safety.java,113
zombie/characters/SafetySystemManager.java,202
zombie/characters/Stance.java,11
zombie/characters/Stats.java,500
zombie/characters/SurvivorDesc.java,633
zombie/characters/SurvivorFactory.java,124
zombie/characters/SurvivorGroup.java,25
zombie/characters/Talker.java,12
zombie/characters/TestZombieInterpolate.java,475
zombie/characters/TriggerSetAnimationRecorderFile.java,10
zombie/characters/TriggerXmlFile.java,11
zombie/characters/UnderwearDefinition.java,152
zombie/characters/WornItems/BodyLocation.java,84
zombie/characters/WornItems/BodyLocationGroup.java,117
zombie/characters/WornItems/BodyLocations.java,25
zombie/characters/WornItems/WornItem.java,30
zombie/characters/WornItems/WornItems.java,187
zombie/characters/ZombieFootstepManager.java,19
zombie/characters/ZombieGroup.java,66
zombie/characters/ZombieIDMapTest.java,159
zombie/characters/ZombieThumpManager.java,41
zombie/characters/ZombieVocalsManager.java,206
zombie/characters/ZombiesZoneDefinition.java,465
zombie/characters/action/ActionContext.java,420
zombie/characters/action/ActionContextEvents.java,104
zombie/characters/action/ActionGroup.java,196
zombie/characters/action/ActionState.java,154
zombie/characters/action/ActionStateSnapshot.java,10
zombie/characters/action/ActionTransition.java,145
zombie/characters/action/IActionCondition.java,28
zombie/characters/action/IActionStateChanged.java,6
zombie/characters/action/conditions/CharacterVariableCondition.java,346
zombie/characters/action/conditions/EventNotOccurred.java,38
zombie/characters/action/conditions/EventOccurred.java,38
zombie/characters/action/conditions/LuaCall.java,30
zombie/characters/professions/ProfessionFactory.java,225
zombie/characters/skills/CustomPerk.java,14
zombie/characters/skills/CustomPerks.java,178
zombie/characters/skills/PerkFactory.java,362
zombie/characters/traits/ObservationFactory.java,78
zombie/characters/traits/TraitCollection.java,141
zombie/characters/traits/TraitFactory.java,188
zombie/chat/ChatBase.java,538
zombie/chat/ChatElement.java,499
zombie/chat/ChatElementOwner.java,17
zombie/chat/ChatManager.java,598
zombie/chat/ChatMessage.java,209
zombie/chat/ChatMode.java,8
zombie/chat/ChatSettings.java,253
zombie/chat/ChatTab.java,70
zombie/chat/ChatUtility.java,414
zombie/chat/NineGridTexture.java,48
zombie/chat/ServerChatMessage.java,23
zombie/chat/WhisperChatCreation.java,12
zombie/chat/defaultChats/AdminChat.java,42
zombie/chat/defaultChats/FactionChat.java,37
zombie/chat/defaultChats/GeneralChat.java,125
zombie/chat/defaultChats/RadioChat.java,179
zombie/chat/defaultChats/RangeBasedChat.java,195
zombie/chat/defaultChats/SafehouseChat.java,37
zombie/chat/defaultChats/SayChat.java,70
zombie/chat/defaultChats/ServerChat.java,125
zombie/chat/defaultChats/ShoutChat.java,46
zombie/chat/defaultChats/WhisperChat.java,121
zombie/commands/AltCommandArgs.java,13
zombie/commands/CommandArgs.java,23
zombie/commands/CommandBase.java,380
zombie/commands/CommandHelp.java,15
zombie/commands/CommandName.java,15
zombie/commands/CommandNames.java,13
zombie/commands/DisabledCommand.java,12
zombie/commands/PlayerType.java,60
zombie/commands/RequiredRight.java,13
zombie/commands/serverCommands/AddAllToWhiteListCommand.java,53
zombie/commands/serverCommands/AddItemCommand.java,110
zombie/commands/serverCommands/AddUserCommand.java,49
zombie/commands/serverCommands/AddUserToWhiteListCommand.java,56
zombie/commands/serverCommands/AddVehicleCommand.java,118
zombie/commands/serverCommands/AddXPCommand.java,93
zombie/commands/serverCommands/AlarmCommand.java,38
zombie/commands/serverCommands/ArgType.java,13
zombie/commands/serverCommands/BanSteamIDCommand.java,57
zombie/commands/serverCommands/BanUserCommand.java,125
zombie/commands/serverCommands/ChangeOptionCommand.java,65
zombie/commands/serverCommands/CheckModsNeedUpdate.java,30
zombie/commands/serverCommands/ChopperCommand.java,51
zombie/commands/serverCommands/ClearCommand.java,39
zombie/commands/serverCommands/ConnectionsCommand.java,65
zombie/commands/serverCommands/CreateHorde2Command.java,119
zombie/commands/serverCommands/CreateHordeCommand.java,83
zombie/commands/serverCommands/DebugPlayerCommand.java,49
zombie/commands/serverCommands/GodModeCommand.java,71
zombie/commands/serverCommands/GrantAdminCommand.java,29
zombie/commands/serverCommands/GunShotCommand.java,32
zombie/commands/serverCommands/HelpCommand.java,71
zombie/commands/serverCommands/InvisibleCommand.java,83
zombie/commands/serverCommands/KickUserCommand.java,77
zombie/commands/serverCommands/LightningCommand.java,57
zombie/commands/serverCommands/LogCommand.java,77
zombie/commands/serverCommands/NoClipCommand.java,78
zombie/commands/serverCommands/PlayersCommand.java,54
zombie/commands/serverCommands/QuitCommand.java,35
zombie/commands/serverCommands/ReleaseSafehouseCommand.java,48
zombie/commands/serverCommands/ReloadLuaCommand.java,43
zombie/commands/serverCommands/ReloadOptionsCommand.java,57
zombie/commands/serverCommands/RemoveAdminCommand.java,29
zombie/commands/serverCommands/RemoveUserFromWhiteList.java,37
zombie/commands/serverCommands/RemoveZombiesCommand.java,117
zombie/commands/serverCommands/ReplayCommands.java,87
zombie/commands/serverCommands/SaveCommand.java,32
zombie/commands/serverCommands/ServerMessageCommand.java,41
zombie/commands/serverCommands/SetAccessLevelCommand.java,104
zombie/commands/serverCommands/ShowOptionsCommand.java,46
zombie/commands/serverCommands/StartRainCommand.java,47
zombie/commands/serverCommands/StartStormCommand.java,48
zombie/commands/serverCommands/StatisticsCommand.java,86
zombie/commands/serverCommands/StopRainCommand.java,32
zombie/commands/serverCommands/StopWeatherCommand.java,33
zombie/commands/serverCommands/TeleportCommand.java,126
zombie/commands/serverCommands/TeleportToCommand.java,134
zombie/commands/serverCommands/ThunderCommand.java,57
zombie/commands/serverCommands/UnbanSteamIDCommand.java,45
zombie/commands/serverCommands/UnbanUserCommand.java,52
zombie/commands/serverCommands/VoiceBanCommand.java,64
zombie/config/BooleanConfigOption.java,82
zombie/config/ConfigFile.java,108
zombie/config/ConfigOption.java,40
zombie/config/DoubleConfigOption.java,108
zombie/config/EnumConfigOption.java,17
zombie/config/IntegerConfigOption.java,108
zombie/config/StringConfigOption.java,95
zombie/core/BoxedStaticValues.java,32
zombie/core/Clipboard.java,66
zombie/core/Collections/AbstractEntry.java,48
zombie/core/Collections/ConcurrentAutoTable.java,281
zombie/core/Collections/Counter.java,5
zombie/core/Collections/IntIterator.java,8
zombie/core/Collections/NonBlockingHashMap.java,1013
zombie/core/Collections/NonBlockingHashMapLong.java,983
zombie/core/Collections/NonBlockingHashSet.java,45
zombie/core/Collections/NonBlockingHashtable.java,1017
zombie/core/Collections/NonBlockingIdentityHashMap.java,1010
zombie/core/Collections/NonBlockingSetInt.java,529
zombie/core/Collections/UtilUnsafe.java,24
zombie/core/Collections/ZomboidAbstractMap.java,404
zombie/core/Collections/ZomboidHashMap.java,748
zombie/core/Collections/ZomboidHashSet.java,93
zombie/core/Color.java,740
zombie/core/Colors.java,161
zombie/core/Core.java,3847
zombie/core/FastTrig.java,26
zombie/core/GUID.java,11
zombie/core/GameVersion.java,85
zombie/core/ImmutableColor.java,283
zombie/core/IndieFileLoader.java,33
zombie/core/Language.java,62
zombie/core/LanguageFile.java,77
zombie/core/LanguageFileData.java,10
zombie/core/Languages.java,107
zombie/core/PerformanceSettings.java,122
zombie/core/ProxyPrintStream.java,49
zombie/core/Rand.java,152
zombie/core/SpriteRenderer.java,1324
zombie/core/Styles/AbstractStyle.java,64
zombie/core/Styles/AdditiveStyle.java,34
zombie/core/Styles/AlphaOp.java,48
zombie/core/Styles/FloatList.java,155
zombie/core/Styles/GeometryData.java,31
zombie/core/Styles/IntList.java,115
zombie/core/Styles/LightingStyle.java,34
zombie/core/Styles/ShortList.java,157
zombie/core/Styles/Style.java,44
zombie/core/Styles/TransparentStyle.java,33
zombie/core/Styles/UIFBOStyle.java,28
zombie/core/ThreadGroups.java,9
zombie/core/TilePropertyAliasMap.java,57
zombie/core/Translator.java,957
zombie/core/VBO/GLBufferObject15.java,78
zombie/core/VBO/GLBufferObjectARB.java,78
zombie/core/VBO/GLVertexBufferObject.java,206
zombie/core/VBO/IGLBufferObject.java,35
zombie/core/WinReqistry.java,56
zombie/core/backup/ZipBackup.java,342
zombie/core/booleanrectangles/BooleanRectangleCollection.java,331
zombie/core/bucket/Bucket.java,74
zombie/core/bucket/BucketManager.java,14
zombie/core/collision/Polygon.java,81
zombie/core/fonts/AngelCodeFont.java,810
zombie/core/fonts/Font.java,65
zombie/core/input/Input.java,390
zombie/core/logger/ExceptionLogger.java,107
zombie/core/logger/LoggerManager.java,96
zombie/core/logger/ZLogger.java,126
zombie/core/logger/ZipLogs.java,449
zombie/core/math/Matrix4.java,73
zombie/core/math/PZMath.java,527
zombie/core/math/Vector3.java,62
zombie/core/math/Vector4.java,30
zombie/core/network/ByteBufferReader.java,57
zombie/core/network/ByteBufferWriter.java,49
zombie/core/opengl/CharacterModelCamera.java,60
zombie/core/opengl/GLState.java,314
zombie/core/opengl/IModelCamera.java,8
zombie/core/opengl/IOpenGLState.java,35
zombie/core/opengl/IShaderProgramListener.java,6
zombie/core/opengl/PZGLUtil.java,117
zombie/core/opengl/ParticleModelCamera.java,17
zombie/core/opengl/RenderContextQueueException.java,8
zombie/core/opengl/RenderContextQueueItem.java,82
zombie/core/opengl/RenderSettings.java,333
zombie/core/opengl/RenderThread.java,550
zombie/core/opengl/Shader.java,74
zombie/core/opengl/ShaderProgram.java,535
zombie/core/opengl/ShaderUnit.java,266
zombie/core/opengl/SharedVertexBufferObjects.java,67
zombie/core/opengl/SmartShader.java,63
zombie/core/opengl/VBOLines.java,213
zombie/core/particle/MuzzleFlash.java,53
zombie/core/physics/Bullet.java,209
zombie/core/physics/CarController.java,1184
zombie/core/physics/PhysicsDebugRenderer.java,185
zombie/core/physics/Transform.java,99
zombie/core/physics/WorldSimulation.java,287
zombie/core/profiling/AbstractPerformanceProfileProbe.java,84
zombie/core/profiling/PerformanceProfileFrameProbe.java,22
zombie/core/profiling/PerformanceProfileProbe.java,28
zombie/core/profiling/PerformanceProfileProbeList.java,48
zombie/core/profiling/TriggerGameProfilerFile.java,10
zombie/core/properties/PropertyContainer.java,244
zombie/core/raknet/FMODTest.java,5
zombie/core/raknet/RakNetPeerInterface.java,189
zombie/core/raknet/RakVoice.java,48
zombie/core/raknet/TestClient.java,110
zombie/core/raknet/TestServer.java,69
zombie/core/raknet/UdpConnection.java,468
zombie/core/raknet/UdpEngine.java,421
zombie/core/raknet/VoiceDebug.java,168
zombie/core/raknet/VoiceManager.java,989
zombie/core/raknet/VoiceManagerData.java,99
zombie/core/raknet/VoiceTest.java,192
zombie/core/secure/PZCryptTest.java,28
zombie/core/secure/PZcrypt.java,24
zombie/core/skinnedmodel/CharacterTextures.java,117
zombie/core/skinnedmodel/DeadBodyAtlas.java,1308
zombie/core/skinnedmodel/HelperFunctions.java,545
zombie/core/skinnedmodel/IAnimatable.java,8
zombie/core/skinnedmodel/IDrawable.java,6
zombie/core/skinnedmodel/Matrix4.java,235
zombie/core/skinnedmodel/ModelCamera.java,15
zombie/core/skinnedmodel/ModelCameraRenderData.java,76
zombie/core/skinnedmodel/ModelManager.java,1985
zombie/core/skinnedmodel/Texture/Texture2D.java,27
zombie/core/skinnedmodel/Texture/TextureManager.java,26
zombie/core/skinnedmodel/Vector3.java,125
zombie/core/skinnedmodel/Vector4.java,39
zombie/core/skinnedmodel/advancedanimation/AdvancedAnimator.java,505
zombie/core/skinnedmodel/advancedanimation/Anim2DBlend.java,17
zombie/core/skinnedmodel/advancedanimation/Anim2DBlendPicker.java,360
zombie/core/skinnedmodel/advancedanimation/Anim2DBlendTriangle.java,28
zombie/core/skinnedmodel/advancedanimation/AnimBoneWeight.java,17
zombie/core/skinnedmodel/advancedanimation/AnimCondition.java,108
zombie/core/skinnedmodel/advancedanimation/AnimEvent.java,38
zombie/core/skinnedmodel/advancedanimation/AnimLayer.java,797
zombie/core/skinnedmodel/advancedanimation/AnimNode.java,178
zombie/core/skinnedmodel/advancedanimation/AnimNodeAsset.java,21
zombie/core/skinnedmodel/advancedanimation/AnimNodeAssetManager.java,37
zombie/core/skinnedmodel/advancedanimation/AnimState.java,108
zombie/core/skinnedmodel/advancedanimation/AnimTransition.java,17
zombie/core/skinnedmodel/advancedanimation/AnimatedModel.java,1338
zombie/core/skinnedmodel/advancedanimation/AnimationSet.java,75
zombie/core/skinnedmodel/advancedanimation/AnimationVariableGenericSlot.java,84
zombie/core/skinnedmodel/advancedanimation/AnimationVariableHandle.java,30
zombie/core/skinnedmodel/advancedanimation/AnimationVariableHandlePool.java,42
zombie/core/skinnedmodel/advancedanimation/AnimationVariableSlot.java,15
zombie/core/skinnedmodel/advancedanimation/AnimationVariableSlotBool.java,57
zombie/core/skinnedmodel/advancedanimation/AnimationVariableSlotCallback.java,57
zombie/core/skinnedmodel/advancedanimation/AnimationVariableSlotCallbackBool.java,88
zombie/core/skinnedmodel/advancedanimation/AnimationVariableSlotCallbackFloat.java,85
zombie/core/skinnedmodel/advancedanimation/AnimationVariableSlotCallbackInt.java,85
zombie/core/skinnedmodel/advancedanimation/AnimationVariableSlotCallbackString.java,88
zombie/core/skinnedmodel/advancedanimation/AnimationVariableSlotFloat.java,57
zombie/core/skinnedmodel/advancedanimation/AnimationVariableSlotString.java,58
zombie/core/skinnedmodel/advancedanimation/AnimationVariableSource.java,328
zombie/core/skinnedmodel/advancedanimation/AnimationVariableType.java,9
zombie/core/skinnedmodel/advancedanimation/BlendInfo.java,80
zombie/core/skinnedmodel/advancedanimation/BlendType.java,8
zombie/core/skinnedmodel/advancedanimation/IAnimEventCallback.java,6
zombie/core/skinnedmodel/advancedanimation/IAnimatable.java,29
zombie/core/skinnedmodel/advancedanimation/IAnimationVariableMap.java,24
zombie/core/skinnedmodel/advancedanimation/IAnimationVariableSlot.java,64
zombie/core/skinnedmodel/advancedanimation/IAnimationVariableSource.java,46
zombie/core/skinnedmodel/advancedanimation/LiveAnimNode.java,530
zombie/core/skinnedmodel/advancedanimation/PooledAnimBoneWeightArray.java,42
zombie/core/skinnedmodel/advancedanimation/debug/AnimatorDebugMonitor.java,683
zombie/core/skinnedmodel/animation/AnimTrackSampler.java,18
zombie/core/skinnedmodel/animation/AnimationBoneBinding.java,60
zombie/core/skinnedmodel/animation/AnimationBoneBindingPair.java,65
zombie/core/skinnedmodel/animation/AnimationBoneWeightBinding.java,46
zombie/core/skinnedmodel/animation/AnimationClip.java,77
zombie/core/skinnedmodel/animation/AnimationMultiTrack.java,117
zombie/core/skinnedmodel/animation/AnimationPlayer.java,1261
zombie/core/skinnedmodel/animation/AnimationTrack.java,759
zombie/core/skinnedmodel/animation/BoneAxis.java,7
zombie/core/skinnedmodel/animation/BoneTransform.java,117
zombie/core/skinnedmodel/animation/IAnimListener.java,17
zombie/core/skinnedmodel/animation/Keyframe.java,150
zombie/core/skinnedmodel/animation/ModelTransformSampler.java,148
zombie/core/skinnedmodel/animation/SoftwareSkinnedModelAnim.java,402
zombie/core/skinnedmodel/animation/StaticAnimation.java,204
zombie/core/skinnedmodel/animation/TwistableBoneTransform.java,17
zombie/core/skinnedmodel/animation/debug/AnimationNodeRecordingFrame.java,77
zombie/core/skinnedmodel/animation/debug/AnimationPlayerRecorder.java,155
zombie/core/skinnedmodel/animation/debug/AnimationTrackRecordingFrame.java,55
zombie/core/skinnedmodel/animation/debug/AnimationVariableRecordingFrame.java,49
zombie/core/skinnedmodel/animation/debug/GenericNameValueRecordingFrame.java,163
zombie/core/skinnedmodel/animation/debug/GenericNameWeightRecordingFrame.java,61
zombie/core/skinnedmodel/animation/sharedskele/SharedSkeleAnimationRepository.java,17
zombie/core/skinnedmodel/animation/sharedskele/SharedSkeleAnimationTrack.java,164
zombie/core/skinnedmodel/model/AiSceneAsset.java,34
zombie/core/skinnedmodel/model/AiSceneAssetManager.java,80
zombie/core/skinnedmodel/model/AnimationAsset.java,56
zombie/core/skinnedmodel/model/AnimationAssetManager.java,57
zombie/core/skinnedmodel/model/CharacterMask.java,330
zombie/core/skinnedmodel/model/FileTask_AbstractLoadModel.java,117
zombie/core/skinnedmodel/model/FileTask_LoadAnimation.java,90
zombie/core/skinnedmodel/model/FileTask_LoadMesh.java,125
zombie/core/skinnedmodel/model/HeightTerrain.java,335
zombie/core/skinnedmodel/model/Material.java,13
zombie/core/skinnedmodel/model/MeshAssetManager.java,87
zombie/core/skinnedmodel/model/Model.java,598
zombie/core/skinnedmodel/model/ModelAssetManager.java,23
zombie/core/skinnedmodel/model/ModelFileExtensionType.java,9
zombie/core/skinnedmodel/model/ModelInstance.java,727
zombie/core/skinnedmodel/model/ModelInstanceDebugRenderData.java,78
zombie/core/skinnedmodel/model/ModelInstanceRenderData.java,240
zombie/core/skinnedmodel/model/ModelInstanceRenderDataList.java,7
zombie/core/skinnedmodel/model/ModelInstanceTextureCreator.java,654
zombie/core/skinnedmodel/model/ModelInstanceTextureInitializer.java,127
zombie/core/skinnedmodel/model/ModelLoader.java,457
zombie/core/skinnedmodel/model/ModelMesh.java,96
zombie/core/skinnedmodel/model/ModelOutlines.java,206
zombie/core/skinnedmodel/model/ModelSlotDebugRenderData.java,230
zombie/core/skinnedmodel/model/ModelSlotRenderData.java,574
zombie/core/skinnedmodel/model/ModelTxt.java,20
zombie/core/skinnedmodel/model/SkinningBone.java,33
zombie/core/skinnedmodel/model/SkinningBoneHierarchy.java,55
zombie/core/skinnedmodel/model/SkinningData.java,79
zombie/core/skinnedmodel/model/SoftwareModelMesh.java,38
zombie/core/skinnedmodel/model/SoftwareModelMeshInstance.java,15
zombie/core/skinnedmodel/model/UInt4.java,19
zombie/core/skinnedmodel/model/Vbo.java,17
zombie/core/skinnedmodel/model/VehicleModelInstance.java,72
zombie/core/skinnedmodel/model/VehicleSubModelInstance.java,9
zombie/core/skinnedmodel/model/VertexBufferObject.java,457
zombie/core/skinnedmodel/model/VertexDefinitions.java,90
zombie/core/skinnedmodel/model/VertexPositionNormalTangentTexture.java,44
zombie/core/skinnedmodel/model/VertexPositionNormalTangentTextureSkin.java,53
zombie/core/skinnedmodel/model/VertexPositionNormalTextureColor.java,28
zombie/core/skinnedmodel/model/VertexStride.java,7
zombie/core/skinnedmodel/model/WorldItemAtlas.java,1258
zombie/core/skinnedmodel/model/WorldItemModelDrawer.java,566
zombie/core/skinnedmodel/model/jassimp/ImportedSkeleton.java,576
zombie/core/skinnedmodel/model/jassimp/ImportedSkeletonParams.java,18
zombie/core/skinnedmodel/model/jassimp/ImportedSkinnedMesh.java,119
zombie/core/skinnedmodel/model/jassimp/ImportedStaticMesh.java,81
zombie/core/skinnedmodel/model/jassimp/JAssImpImporter.java,397
zombie/core/skinnedmodel/model/jassimp/ProcessedAiScene.java,198
zombie/core/skinnedmodel/model/jassimp/ProcessedAiSceneParams.java,31
zombie/core/skinnedmodel/population/BeardStyle.java,30
zombie/core/skinnedmodel/population/BeardStyles.java,118
zombie/core/skinnedmodel/population/CarriedItem.java,9
zombie/core/skinnedmodel/population/ClothingDecal.java,21
zombie/core/skinnedmodel/population/ClothingDecalGroup.java,39
zombie/core/skinnedmodel/population/ClothingDecals.java,155
zombie/core/skinnedmodel/population/ClothingItem.java,107
zombie/core/skinnedmodel/population/ClothingItemAssetManager.java,81
zombie/core/skinnedmodel/population/ClothingItemReference.java,123
zombie/core/skinnedmodel/population/ClothingItemXML.java,26
zombie/core/skinnedmodel/population/DefaultClothing.java,118
zombie/core/skinnedmodel/population/HairStyle.java,64
zombie/core/skinnedmodel/population/HairStyles.java,161
zombie/core/skinnedmodel/population/IClothingItemListener.java,6
zombie/core/skinnedmodel/population/ItemManager.java,76
zombie/core/skinnedmodel/population/Outfit.java,200
zombie/core/skinnedmodel/population/OutfitManager.java,442
zombie/core/skinnedmodel/population/OutfitRNG.java,75
zombie/core/skinnedmodel/population/PopTemplateManager.java,247
zombie/core/skinnedmodel/runtime/CopyFrame.java,52
zombie/core/skinnedmodel/runtime/CopyFrames.java,57
zombie/core/skinnedmodel/runtime/IRuntimeAnimationCommand.java,12
zombie/core/skinnedmodel/runtime/KeyframeUtil.java,117
zombie/core/skinnedmodel/runtime/RuntimeAnimationScript.java,63
zombie/core/skinnedmodel/shader/Shader.java,589
zombie/core/skinnedmodel/shader/ShaderManager.java,38
zombie/core/skinnedmodel/visual/BaseVisual.java,23
zombie/core/skinnedmodel/visual/HumanVisual.java,1090
zombie/core/skinnedmodel/visual/IHumanVisual.java,14
zombie/core/skinnedmodel/visual/ItemVisual.java,880
zombie/core/skinnedmodel/visual/ItemVisuals.java,52
zombie/core/sprite/GenericSpriteRenderState.java,949
zombie/core/sprite/RenderStateSlot.java,22
zombie/core/sprite/SpriteRenderState.java,87
zombie/core/sprite/SpriteRenderStateUI.java,20
zombie/core/sprite/SpriteRendererStates.java,70
zombie/core/stash/Stash.java,122
zombie/core/stash/StashAnnotation.java,27
zombie/core/stash/StashBuilding.java,18
zombie/core/stash/StashContainer.java,23
zombie/core/stash/StashSystem.java,500
zombie/core/textures/AlphaColorIndex.java,18
zombie/core/textures/ColorInfo.java,93
zombie/core/textures/GLFramebufferObject30.java,141
zombie/core/textures/GLFramebufferObjectARB.java,141
zombie/core/textures/GLFramebufferObjectEXT.java,141
zombie/core/textures/IGLFramebufferObject.java,58
zombie/core/textures/ImageData.java,688
zombie/core/textures/Mask.java,283
zombie/core/textures/MipMapLevel.java,48
zombie/core/textures/MultiTextureFBO2.java,316
zombie/core/textures/PNGDecoder.java,932
zombie/core/textures/PNGSize.java,144
zombie/core/textures/Pcx.java,336
zombie/core/textures/SmartTexture.java,500
zombie/core/textures/Texture.java,1661
zombie/core/textures/TextureAssetManager.java,23
zombie/core/textures/TextureBinder.java,43
zombie/core/textures/TextureCombiner.java,358
zombie/core/textures/TextureCombinerCommand.java,181
zombie/core/textures/TextureCombinerShaderParam.java,20
zombie/core/textures/TextureDraw.java,1012
zombie/core/textures/TextureFBO.java,325
zombie/core/textures/TextureFlags.java,15
zombie/core/textures/TextureID.java,562
zombie/core/textures/TextureIDAssetManager.java,76
zombie/core/textures/TextureNameAlreadyInUseException.java,8
zombie/core/textures/TextureNotFoundException.java,8
zombie/core/textures/TexturePackPage.java,231
zombie/core/utils/Bits.java,358
zombie/core/utils/BooleanGrid.java,119
zombie/core/utils/BoundedQueue.java,97
zombie/core/utils/BufferUtils.java,235
zombie/core/utils/DirectBufferAllocator.java,45
zombie/core/utils/ExpandableBooleanList.java,67
zombie/core/utils/FibonacciHeap.java,271
zombie/core/utils/HashMap.java,248
zombie/core/utils/ImageUtils.java,150
zombie/core/utils/IntGrid.java,65
zombie/core/utils/IntHyperCube2.java,65
zombie/core/utils/IntHypercube.java,74
zombie/core/utils/ObjectCube.java,64
zombie/core/utils/ObjectGrid.java,56
zombie/core/utils/OnceEvery.java,59
zombie/core/utils/UpdateLimit.java,82
zombie/core/utils/UpdateTimer.java,22
zombie/core/utils/WrappedBuffer.java,46
zombie/core/znet/CallbackManager.java,15
zombie/core/znet/GameServerDetails.java,51
zombie/core/znet/IJoinRequestCallback.java,6
zombie/core/znet/IServerBrowserCallback.java,16
zombie/core/znet/ISteamWorkshopCallback.java,24
zombie/core/znet/PortMapper.java,91
zombie/core/znet/PortMappingEntry.java,5
zombie/core/znet/ServerBrowser.java,245
zombie/core/znet/SteamFriend.java,56
zombie/core/znet/SteamFriends.java,86
zombie/core/znet/SteamGameServer.java,40
zombie/core/znet/SteamUGCDetails.java,76
zombie/core/znet/SteamUser.java,19
zombie/core/znet/SteamUtils.java,272
zombie/core/znet/SteamWorkshop.java,352
zombie/core/znet/SteamWorkshopItem.java,682
zombie/core/znet/ZNet.java,35
zombie/core/znet/ZNetSessionState.java,39
zombie/core/znet/ZNetStatistics.java,36
zombie/creative/creativerects/OpenSimplexNoise.java,2261
zombie/debug/BooleanDebugOption.java,36
zombie/debug/DebugLog.java,360
zombie/debug/DebugLogStream.java,741
zombie/debug/DebugOptions.java,370
zombie/debug/DebugOptionsXml.java,25
zombie/debug/DebugType.java,44
zombie/debug/GeneralErrorDebugLogFormatter.java,120
zombie/debug/GenericDebugLogFormatter.java,128
zombie/debug/IDebugLogFormatter.java,80
zombie/debug/LineDrawer.java,473
zombie/debug/LogSeverity.java,10
zombie/debug/ObjectsSyncRequestJUnit.java,5
zombie/debug/options/Animation.java,35
zombie/debug/options/Character.java,58
zombie/debug/options/IDebugOption.java,10
zombie/debug/options/IDebugOptionGroup.java,12
zombie/debug/options/IsoSprite.java,25
zombie/debug/options/Network.java,40
zombie/debug/options/OffscreenBuffer.java,12
zombie/debug/options/OptionGroup.java,99
zombie/debug/options/Terrain.java,81
zombie/debug/options/Weather.java,14
zombie/erosion/ErosionClient.java,19
zombie/erosion/ErosionConfig.java,367
zombie/erosion/ErosionData.java,8268
zombie/erosion/ErosionGlobals.java,22
zombie/erosion/ErosionMain.java,493
zombie/erosion/ErosionRegions.java,98
zombie/erosion/ErosionWorld.java,66
zombie/erosion/categories/ErosionCategory.java,285
zombie/erosion/categories/Flowerbed.java,138
zombie/erosion/categories/NatureBush.java,250
zombie/erosion/categories/NatureGeneric.java,325
zombie/erosion/categories/NaturePlants.java,267
zombie/erosion/categories/NatureTrees.java,265
zombie/erosion/categories/StreetCracks.java,172
zombie/erosion/categories/WallCracks.java,235
zombie/erosion/categories/WallVines.java,275
zombie/erosion/obj/ErosionObj.java,151
zombie/erosion/obj/ErosionObjOverlay.java,68
zombie/erosion/obj/ErosionObjOverlaySprites.java,54
zombie/erosion/obj/ErosionObjSprites.java,156
zombie/erosion/season/ErosionIceQueen.java,439
zombie/erosion/season/ErosionSeason.java,477
zombie/erosion/utils/Noise2D.java,326
zombie/fileSystem/DeviceList.java,38
zombie/fileSystem/DiskFileDevice.java,207
zombie/fileSystem/FileOpenMode.java,26
zombie/fileSystem/FileSeekMode.java,8
zombie/fileSystem/FileSystem.java,60
zombie/fileSystem/FileSystemImpl.java,354
zombie/fileSystem/FileTask.java,36
zombie/fileSystem/IFile.java,28
zombie/fileSystem/IFileDevice.java,17
zombie/fileSystem/IFileTask2Callback.java,6
zombie/fileSystem/IFileTaskCallback.java,6
zombie/fileSystem/MemoryFileDevice.java,164
zombie/fileSystem/TexturePackDevice.java,255
zombie/gameStates/AnimationViewerState.java,238
zombie/gameStates/AttachmentEditorState.java,337
zombie/gameStates/ChooseGameInfo.java,679
zombie/gameStates/ConnectToServerState.java,745
zombie/gameStates/DebugChunkState.java,1276
zombie/gameStates/DebugGlobalObjectState.java,308
zombie/gameStates/GameLoadingState.java,786
zombie/gameStates/GameState.java,27
zombie/gameStates/GameStateMachine.java,118
zombie/gameStates/IngameState.java,1401
zombie/gameStates/LoadingQueueState.java,96
zombie/gameStates/MainScreenState.java,780
zombie/gameStates/ServerDisconnectState.java,101
zombie/gameStates/TISLogoState.java,217
zombie/gameStates/TermsOfServiceState.java,53
zombie/globalObjects/CGlobalObject.java,8
zombie/globalObjects/CGlobalObjectNetwork.java,163
zombie/globalObjects/CGlobalObjectSystem.java,84
zombie/globalObjects/CGlobalObjects.java,137
zombie/globalObjects/GlobalObject.java,49
zombie/globalObjects/GlobalObjectLookup.java,239
zombie/globalObjects/GlobalObjectSystem.java,103
zombie/globalObjects/SGlobalObject.java,50
zombie/globalObjects/SGlobalObjectNetwork.java,152
zombie/globalObjects/SGlobalObjectSystem.java,299
zombie/globalObjects/SGlobalObjects.java,179
zombie/input/ControllerState.java,71
zombie/input/ControllerStateCache.java,46
zombie/input/GameKeyboard.java,145
zombie/input/JoypadManager.java,953
zombie/input/KeyboardState.java,67
zombie/input/KeyboardStateCache.java,41
zombie/input/Mouse.java,254
zombie/input/MouseState.java,88
zombie/input/MouseStateCache.java,41
zombie/interfaces/ICommonSoundEmitter.java,36
zombie/interfaces/IDestroyable.java,14
zombie/interfaces/IListBoxItem.java,10
zombie/interfaces/IMaskerable.java,8
zombie/interfaces/ITexture.java,124
zombie/interfaces/IUpdater.java,10
zombie/inventory/ClothingItemsDotTxt.java,267
zombie/inventory/CompressIdenticalItems.java,309
zombie/inventory/FixingManager.java,221
zombie/inventory/InventoryItem.java,3354
zombie/inventory/InventoryItemFactory.java,164
zombie/inventory/ItemContainer.java,3170
zombie/inventory/ItemPickerJava.java,1101
zombie/inventory/ItemSoundManager.java,128
zombie/inventory/ItemType.java,30
zombie/inventory/ItemUser.java,184
zombie/inventory/RecipeManager.java,1353
zombie/inventory/types/AlarmClock.java,386
zombie/inventory/types/AlarmClockClothing.java,386
zombie/inventory/types/Clothing.java,1156
zombie/inventory/types/ComboItem.java,20
zombie/inventory/types/Drainable.java,8
zombie/inventory/types/DrainableComboItem.java,527
zombie/inventory/types/Food.java,1922
zombie/inventory/types/HandWeapon.java,2383
zombie/inventory/types/InventoryContainer.java,253
zombie/inventory/types/Key.java,99
zombie/inventory/types/KeyRing.java,49
zombie/inventory/types/Literature.java,433
zombie/inventory/types/MapItem.java,140
zombie/inventory/types/Moveable.java,369
zombie/inventory/types/Radio.java,239
zombie/inventory/types/WeaponPart.java,167
zombie/inventory/types/WeaponType.java,123
zombie/iso/Alarm.java,110
zombie/iso/BentFences.java,199
zombie/iso/BrokenFences.java,316
zombie/iso/BuildingDef.java,421
zombie/iso/CellLoader.java,496
zombie/iso/ChunkSaveWorker.java,109
zombie/iso/ContainerOverlays.java,177
zombie/iso/DiamondMatrixIterator.java,114
zombie/iso/FireShader.java,48
zombie/iso/Helicopter.java,329
zombie/iso/IsoCamera.java,287
zombie/iso/IsoCell.java,5128
zombie/iso/IsoChunk.java,4473
zombie/iso/IsoChunkMap.java,1166
zombie/iso/IsoDirectionSet.java,24
zombie/iso/IsoDirections.java,334
zombie/iso/IsoFloorBloodSplat.java,110
zombie/iso/IsoGridOcclusionData.java,186
zombie/iso/IsoGridSquare.java,9245
zombie/iso/IsoGridStack.java,19
zombie/iso/IsoHeatSource.java,70
zombie/iso/IsoLightSource.java,328
zombie/iso/IsoLot.java,156
zombie/iso/IsoLuaMover.java,68
zombie/iso/IsoMarkers.java,701
zombie/iso/IsoMetaCell.java,212
zombie/iso/IsoMetaChunk.java,284
zombie/iso/IsoMetaGrid.java,2668
zombie/iso/IsoMovingObject.java,2427
zombie/iso/IsoObject.java,4547
zombie/iso/IsoObjectPicker.java,677
zombie/iso/IsoObjectSyncRequests.java,118
zombie/iso/IsoPhysicsObject.java,92
zombie/iso/IsoPuddles.java,502
zombie/iso/IsoPuddlesCompute.java,172
zombie/iso/IsoPuddlesGeometry.java,278
zombie/iso/IsoPushableObject.java,197
zombie/iso/IsoRoofFixer.java,450
zombie/iso/IsoRoomLight.java,211
zombie/iso/IsoUtils.java,123
zombie/iso/IsoWallBloodSplat.java,81
zombie/iso/IsoWater.java,309
zombie/iso/IsoWaterFlow.java,118
zombie/iso/IsoWaterGeometry.java,153
zombie/iso/IsoWorld.java,2697
zombie/iso/LightingJNI.java,1086
zombie/iso/LightingThread.java,102
zombie/iso/LosUtil.java,614
zombie/iso/LotHeader.java,101
zombie/iso/MetaObject.java,41
zombie/iso/MultiStageBuilding.java,374
zombie/iso/NearestWalls.java,322
zombie/iso/ObjectsSyncRequests.java,549
zombie/iso/Particles.java,215
zombie/iso/ParticlesArray.java,103
zombie/iso/ParticlesFire.java,341
zombie/iso/PlayerCamera.java,332
zombie/iso/PuddlesShader.java,92
zombie/iso/RoomDef.java,379
zombie/iso/SearchMode.java,323
zombie/iso/SliceY.java,9
zombie/iso/SmokeShader.java,48
zombie/iso/SpawnPoints.java,157
zombie/iso/SpriteDetails/IsoFlagType.java,137
zombie/iso/SpriteDetails/IsoObjectType.java,67
zombie/iso/TallFenceShader.java,53
zombie/iso/TileOverlays.java,291
zombie/iso/Vector2.java,344
zombie/iso/Vector3.java,313
zombie/iso/WaterShader.java,103
zombie/iso/WorldConverter.java,333
zombie/iso/WorldMarkers.java,1582
zombie/iso/WorldObjectsSyncRequests.java,97
zombie/iso/WorldReuserThread.java,131
zombie/iso/WorldStreamer.java,1076
zombie/iso/areas/BuildingScore.java,16
zombie/iso/areas/IsoArea.java,89
zombie/iso/areas/IsoBuilding.java,540
zombie/iso/areas/IsoRoom.java,354
zombie/iso/areas/IsoRoomExit.java,110
zombie/iso/areas/NonPvpZone.java,154
zombie/iso/areas/SafeHouse.java,645
zombie/iso/areas/isoregion/ChunkUpdate.java,33
zombie/iso/areas/isoregion/IsoRegionException.java,12
zombie/iso/areas/isoregion/IsoRegionLogType.java,10
zombie/iso/areas/isoregion/IsoRegionWorker.java,531
zombie/iso/areas/isoregion/IsoRegions.java,363
zombie/iso/areas/isoregion/IsoRegionsLogger.java,110
zombie/iso/areas/isoregion/IsoRegionsRenderer.java,923
zombie/iso/areas/isoregion/data/DataCell.java,43
zombie/iso/areas/isoregion/data/DataChunk.java,671
zombie/iso/areas/isoregion/data/DataRoot.java,341
zombie/iso/areas/isoregion/data/DataSquarePos.java,42
zombie/iso/areas/isoregion/jobs/JobApplyChanges.java,19
zombie/iso/areas/isoregion/jobs/JobChunkUpdate.java,223
zombie/iso/areas/isoregion/jobs/JobDebugResetAllData.java,8
zombie/iso/areas/isoregion/jobs/JobServerSendFullData.java,21
zombie/iso/areas/isoregion/jobs/JobSquareUpdate.java,29
zombie/iso/areas/isoregion/jobs/RegionJob.java,17
zombie/iso/areas/isoregion/jobs/RegionJobManager.java,90
zombie/iso/areas/isoregion/jobs/RegionJobType.java,10
zombie/iso/areas/isoregion/regions/IChunkRegion.java,8
zombie/iso/areas/isoregion/regions/IWorldRegion.java,25
zombie/iso/areas/isoregion/regions/IsoChunkRegion.java,311
zombie/iso/areas/isoregion/regions/IsoRegionManager.java,82
zombie/iso/areas/isoregion/regions/IsoWorldRegion.java,270
zombie/iso/objects/BSFurnace.java,290
zombie/iso/objects/ClothingDryerLogic.java,210
zombie/iso/objects/ClothingWasherLogic.java,239
zombie/iso/objects/IsoBall.java,100
zombie/iso/objects/IsoBarbecue.java,424
zombie/iso/objects/IsoBarricade.java,767
zombie/iso/objects/IsoBloodDrop.java,153
zombie/iso/objects/IsoBrokenGlass.java,53
zombie/iso/objects/IsoCarBatteryCharger.java,405
zombie/iso/objects/IsoClothingDryer.java,85
zombie/iso/objects/IsoClothingWasher.java,85
zombie/iso/objects/IsoCombinationWasherDryer.java,133
zombie/iso/objects/IsoCompost.java,163
zombie/iso/objects/IsoCurtain.java,418
zombie/iso/objects/IsoDeadBody.java,1549
zombie/iso/objects/IsoDoor.java,3143
zombie/iso/objects/IsoFallingClothing.java,105
zombie/iso/objects/IsoFire.java,713
zombie/iso/objects/IsoFireManager.java,488
zombie/iso/objects/IsoFireplace.java,409
zombie/iso/objects/IsoGenerator.java,734
zombie/iso/objects/IsoJukebox.java,166
zombie/iso/objects/IsoLightSwitch.java,822
zombie/iso/objects/IsoMannequin.java,980
zombie/iso/objects/IsoMolotovCocktail.java,122
zombie/iso/objects/IsoRadio.java,26
zombie/iso/objects/IsoRainSplash.java,127
zombie/iso/objects/IsoRaindrop.java,146
zombie/iso/objects/IsoStackedWasherDryer.java,134
zombie/iso/objects/IsoStove.java,459
zombie/iso/objects/IsoTelevision.java,280
zombie/iso/objects/IsoThumpable.java,2471
zombie/iso/objects/IsoTrap.java,503
zombie/iso/objects/IsoTree.java,504
zombie/iso/objects/IsoWaveSignal.java,401
zombie/iso/objects/IsoWheelieBin.java,101
zombie/iso/objects/IsoWindow.java,1587
zombie/iso/objects/IsoWindowFrame.java,210
zombie/iso/objects/IsoWorldInventoryObject.java,591
zombie/iso/objects/IsoZombieGiblets.java,124
zombie/iso/objects/IsoZombieHead.java,73
zombie/iso/objects/ObjectRenderEffects.java,535
zombie/iso/objects/RainManager.java,380
zombie/iso/objects/RenderEffectType.java,11
zombie/iso/objects/interfaces/Activatable.java,10
zombie/iso/objects/interfaces/BarricadeAble.java,26
zombie/iso/objects/interfaces/IClothingWasherDryerLogic.java,29
zombie/iso/objects/interfaces/Thumpable.java,18
zombie/iso/sprite/CorpseFlies.java,63
zombie/iso/sprite/IsoAnim.java,546
zombie/iso/sprite/IsoCursor.java,160
zombie/iso/sprite/IsoDirectionFrame.java,170
zombie/iso/sprite/IsoSprite.java,1124
zombie/iso/sprite/IsoSpriteGrid.java,80
zombie/iso/sprite/IsoSpriteInstance.java,228
zombie/iso/sprite/IsoSpriteManager.java,99
zombie/iso/sprite/SkyBox.java,307
zombie/iso/sprite/SkyBoxShader.java,61
zombie/iso/sprite/shapers/DiamondShaper.java,51
zombie/iso/sprite/shapers/FloorShaper.java,73
zombie/iso/sprite/shapers/FloorShaperAttachedSprites.java,72
zombie/iso/sprite/shapers/FloorShaperDeDiamond.java,95
zombie/iso/sprite/shapers/FloorShaperDiamond.java,14
zombie/iso/sprite/shapers/SpritePadding.java,88
zombie/iso/sprite/shapers/SpritePaddingSettings.java,94
zombie/iso/sprite/shapers/WallPaddingShaper.java,13
zombie/iso/sprite/shapers/WallShaper.java,32
zombie/iso/sprite/shapers/WallShaperN.java,18
zombie/iso/sprite/shapers/WallShaperW.java,18
zombie/iso/sprite/shapers/WallShaperWhole.java,14
zombie/iso/test_DiamondMatrixIterator.java,221
zombie/iso/test_ObjectsSyncRequests_getObjectInsertIndex.java,46
zombie/iso/test_ParticlesArray.java,361
zombie/iso/weather/ClimateColorInfo.java,301
zombie/iso/weather/ClimateForecaster.java,529
zombie/iso/weather/ClimateHistory.java,13
zombie/iso/weather/ClimateManager.java,3103
zombie/iso/weather/ClimateMoon.java,106
zombie/iso/weather/ClimateValues.java,442
zombie/iso/weather/SimplexNoise.java,685
zombie/iso/weather/Temperature.java,146
zombie/iso/weather/ThunderStorm.java,615
zombie/iso/weather/WeatherPeriod.java,1479
zombie/iso/weather/WeatherShader.java,193
zombie/iso/weather/WorldFlares.java,365
zombie/iso/weather/dbg/ClimMngrDebug.java,856
zombie/iso/weather/fog/FogShader.java,90
zombie/iso/weather/fog/ImprovedFog.java,685
zombie/iso/weather/fx/CloudParticle.java,45
zombie/iso/weather/fx/FogParticle.java,41
zombie/iso/weather/fx/IsoWeatherFX.java,556
zombie/iso/weather/fx/ParticleRectangle.java,119
zombie/iso/weather/fx/RainParticle.java,190
zombie/iso/weather/fx/SnowParticle.java,78
zombie/iso/weather/fx/SteppedUpdateFloat.java,58
zombie/iso/weather/fx/WeatherFxMask.java,1082
zombie/iso/weather/fx/WeatherParticle.java,114
zombie/meta/Meta.java,66
zombie/modding/ActiveMods.java,194
zombie/modding/ActiveModsFile.java,130
zombie/modding/ModUtilsJava.java,41
zombie/network/BodyDamageSync.java,347
zombie/network/ChunkChecksum.java,107
zombie/network/ClientChunkRequest.java,110
zombie/network/ClientServerMap.java,324
zombie/network/ConnectionDetails.java,165
zombie/network/ConnectionManager.java,22
zombie/network/CoopMaster.java,563
zombie/network/CoopSlave.java,173
zombie/network/DBResult.java,40
zombie/network/DBSchema.java,58
zombie/network/DBTicket.java,66
zombie/network/DesktopBrowser.java,37
zombie/network/DiscordBot.java,190
zombie/network/DiscordSender.java,6
zombie/network/FakeClientManager.java,2599
zombie/network/GameClient.java,6193
zombie/network/GameServer.java,8554
zombie/network/GameServerWorkshopItems.java,367
zombie/network/ICoopServerMessageListener.java,6
zombie/network/IZomboidPacket.java,8
zombie/network/IsoObjectID.java,62
zombie/network/ItemTransactionManager.java,127
zombie/network/LoginQueue.java,261
zombie/network/MD5Checksum.java,31
zombie/network/MPStatistic.java,1117
zombie/network/MPStatisticClient.java,166
zombie/network/MPStatistics.java,759
zombie/network/MPStatisticsTest.java,308
zombie/network/NetChecksum.java,625
zombie/network/NetworkAIParams.java,65
zombie/network/NetworkVariables.java,179
zombie/network/PacketTypes.java,639
zombie/network/PacketValidator.java,506
zombie/network/PassengerMap.java,281
zombie/network/PlayerDownloadServer.java,479
zombie/network/RCONClient.java,252
zombie/network/RCONServer.java,382
zombie/network/ReplayManager.java,218
zombie/network/RequestDataManager.java,155
zombie/network/Server.java,185
zombie/network/ServerChunkLoader.java,657
zombie/network/ServerGUI.java,659
zombie/network/ServerLOS.java,405
zombie/network/ServerMap.java,1095
zombie/network/ServerOptions.java,633
zombie/network/ServerPlayersVehicles.java,58
zombie/network/ServerSettings.java,208
zombie/network/ServerSettingsManager.java,100
zombie/network/ServerWorldDatabase.java,1250
zombie/network/SpawnRegions.java,398
zombie/network/TableNetworkUtils.java,161
zombie/network/Userlog.java,77
zombie/network/WorldItemTypes.java,12
zombie/network/ZomboidNetData.java,50
zombie/network/ZomboidNetDataPool.java,25
zombie/network/chat/ChatServer.java,523
zombie/network/chat/ChatType.java,53
zombie/network/packets/ActionPacket.java,172
zombie/network/packets/AddXp.java,93
zombie/network/packets/CleanBurn.java,91
zombie/network/packets/DeadCharacterPacket.java,311
zombie/network/packets/DeadPlayerPacket.java,74
zombie/network/packets/DeadZombiePacket.java,76
zombie/network/packets/Disinfect.java,103
zombie/network/packets/EventPacket.java,600
zombie/network/packets/INetworkPacket.java,27
zombie/network/packets/PlaySoundPacket.java,88
zombie/network/packets/PlayWorldSoundPacket.java,69
zombie/network/packets/PlayerDataRequestPacket.java,33
zombie/network/packets/PlayerID.java,59
zombie/network/packets/PlayerPacket.java,129
zombie/network/packets/PlayerVariables.java,114
zombie/network/packets/RemoveBullet.java,85
zombie/network/packets/RemoveCorpseFromMap.java,48
zombie/network/packets/RemoveGlass.java,94
zombie/network/packets/RequestDataPacket.java,405
zombie/network/packets/SafetyPacket.java,109
zombie/network/packets/StartFire.java,126
zombie/network/packets/Stitch.java,147
zombie/network/packets/StopSoundPacket.java,69
zombie/network/packets/SyncClothingPacket.java,123
zombie/network/packets/SyncInjuriesPacket.java,75
zombie/network/packets/SyncNonPvpZonePacket.java,53
zombie/network/packets/SyncSafehousePacket.java,150
zombie/network/packets/ValidatePacket.java,180
zombie/network/packets/VehicleAuthorizationPacket.java,50
zombie/network/packets/WaveSignal.java,118
zombie/network/packets/ZombiePacket.java,138
zombie/network/packets/hit/AttackVars.java,177
zombie/network/packets/hit/Bite.java,82
zombie/network/packets/hit/Character.java,152
zombie/network/packets/hit/Fall.java,69
zombie/network/packets/hit/Hit.java,84
zombie/network/packets/hit/HitCharacterPacket.java,98
zombie/network/packets/hit/HitInfo.java,103
zombie/network/packets/hit/IMovable.java,8
zombie/network/packets/hit/IPositional.java,8
zombie/network/packets/hit/Instance.java,35
zombie/network/packets/hit/MovingObject.java,164
zombie/network/packets/hit/NetObject.java,114
zombie/network/packets/hit/Perk.java,49
zombie/network/packets/hit/Player.java,197
zombie/network/packets/hit/PlayerBodyPart.java,64
zombie/network/packets/hit/PlayerHitPacket.java,72
zombie/network/packets/hit/PlayerHitPlayerPacket.java,99
zombie/network/packets/hit/PlayerHitSquarePacket.java,60
zombie/network/packets/hit/PlayerHitVehiclePacket.java,56
zombie/network/packets/hit/PlayerHitZombiePacket.java,100
zombie/network/packets/hit/PlayerItem.java,74
zombie/network/packets/hit/Square.java,101
zombie/network/packets/hit/Vehicle.java,62
zombie/network/packets/hit/VehicleHit.java,93
zombie/network/packets/hit/VehicleHitPacket.java,66
zombie/network/packets/hit/VehicleHitPlayerPacket.java,101
zombie/network/packets/hit/VehicleHitZombiePacket.java,99
zombie/network/packets/hit/Weapon.java,92
zombie/network/packets/hit/WeaponHit.java,72
zombie/network/packets/hit/Zombie.java,129
zombie/network/packets/hit/ZombieHitPlayerPacket.java,101
zombie/network/packets/vehicle/Physics.java,161
zombie/popman/DebugCommands.java,55
zombie/popman/LoadedAreas.java,167
zombie/popman/MPDebugInfo.java,454
zombie/popman/NetworkZombieList.java,36
zombie/popman/NetworkZombieManager.java,317
zombie/popman/NetworkZombiePacker.java,265
zombie/popman/NetworkZombieSimulator.java,377
zombie/popman/ObjectPool.java,100
zombie/popman/PlayerSpawns.java,75
zombie/popman/ZombieCountOptimiser.java,30
zombie/popman/ZombiePopulationManager.java,782
zombie/popman/ZombiePopulationRenderer.java,378
zombie/popman/ZombieTriggerXmlFile.java,11
zombie/profanity/Phonizer.java,28
zombie/profanity/ProfanityFilter.java,176
zombie/profanity/ProfanityTest.java,76
zombie/profanity/locales/Locale.java,389
zombie/profanity/locales/LocaleChinese.java,12
zombie/profanity/locales/LocaleEnglish.java,105
zombie/profanity/locales/LocaleGerman.java,25
zombie/radio/ChannelCategory.java,13
zombie/radio/GameMode.java,8
zombie/radio/RadioAPI.java,54
zombie/radio/RadioData.java,534
zombie/radio/RadioDebugConsole.java,189
zombie/radio/RadioTranslationData.java,206
zombie/radio/RadioXmlReader.java,474
zombie/radio/StorySounds/DataPoint.java,47
zombie/radio/StorySounds/EventSound.java,55
zombie/radio/StorySounds/SLSoundManager.java,171
zombie/radio/StorySounds/StoryEmitter.java,178
zombie/radio/StorySounds/StorySound.java,57
zombie/radio/StorySounds/StorySoundEvent.java,36
zombie/radio/ZomboidRadio.java,1063
zombie/radio/devices/DeviceData.java,1387
zombie/radio/devices/DeviceDataNetTypes.java,16
zombie/radio/devices/DeviceEmitter.java,5
zombie/radio/devices/DevicePresets.java,133
zombie/radio/devices/PresetEntry.java,34
zombie/radio/devices/WaveSignalDevice.java,67
zombie/radio/effects/LineEffectMemory.java,31
zombie/radio/globals/CompareMethod.java,11
zombie/radio/globals/CompareResult.java,8
zombie/radio/globals/EditGlobal.java,26
zombie/radio/globals/EditGlobalEvent.java,12
zombie/radio/globals/EditGlobalOps.java,8
zombie/radio/globals/RadioGlobal.java,32
zombie/radio/globals/RadioGlobalBool.java,51
zombie/radio/globals/RadioGlobalFloat.java,68
zombie/radio/globals/RadioGlobalInt.java,68
zombie/radio/globals/RadioGlobalString.java,51
zombie/radio/globals/RadioGlobalType.java,10
zombie/radio/globals/RadioGlobalsManager.java,129
zombie/radio/media/MediaData.java,198
zombie/radio/media/RecordedMedia.java,407
zombie/radio/script/ConditionContainer.java,105
zombie/radio/script/ConditionIter.java,12
zombie/radio/script/ExitOptionOld.java,61
zombie/radio/script/OperatorType.java,8
zombie/radio/script/RadioScriptEntry.java,52
zombie/radio/script/RadioScriptInfo.java,34
zombie/radio/scripting/DynamicRadioChannel.java,21
zombie/radio/scripting/RadioBroadCast.java,130
zombie/radio/scripting/RadioChannel.java,295
zombie/radio/scripting/RadioLine.java,62
zombie/radio/scripting/RadioScript.java,240
zombie/radio/scripting/RadioScriptManager.java,199
zombie/randomizedWorld/RandomizedWorldBase.java,924
zombie/randomizedWorld/randomizedBuilding/RBBar.java,117
zombie/randomizedWorld/randomizedBuilding/RBBasic.java,891
zombie/randomizedWorld/randomizedBuilding/RBBurnt.java,52
zombie/randomizedWorld/randomizedBuilding/RBBurntCorpse.java,61
zombie/randomizedWorld/randomizedBuilding/RBBurntFireman.java,72
zombie/randomizedWorld/randomizedBuilding/RBCafe.java,88
zombie/randomizedWorld/randomizedBuilding/RBClinic.java,134
zombie/randomizedWorld/randomizedBuilding/RBHairSalon.java,92
zombie/randomizedWorld/randomizedBuilding/RBKateAndBaldspot.java,167
zombie/randomizedWorld/randomizedBuilding/RBLooted.java,63
zombie/randomizedWorld/randomizedBuilding/RBOffice.java,139
zombie/randomizedWorld/randomizedBuilding/RBOther.java,57
zombie/randomizedWorld/randomizedBuilding/RBPileOCrepe.java,64
zombie/randomizedWorld/randomizedBuilding/RBPizzaWhirled.java,59
zombie/randomizedWorld/randomizedBuilding/RBSafehouse.java,126
zombie/randomizedWorld/randomizedBuilding/RBSchool.java,147
zombie/randomizedWorld/randomizedBuilding/RBShopLooted.java,141
zombie/randomizedWorld/randomizedBuilding/RBSpiffo.java,76
zombie/randomizedWorld/randomizedBuilding/RBStripclub.java,160
zombie/randomizedWorld/randomizedBuilding/RBTableStory.java,208
zombie/randomizedWorld/randomizedBuilding/RandomizedBuildingBase.java,634
zombie/randomizedWorld/randomizedBuilding/TableStories/RBTSBreakfast.java,165
zombie/randomizedWorld/randomizedBuilding/TableStories/RBTSButcher.java,46
zombie/randomizedWorld/randomizedBuilding/TableStories/RBTSDinner.java,465
zombie/randomizedWorld/randomizedBuilding/TableStories/RBTSDrink.java,80
zombie/randomizedWorld/randomizedBuilding/TableStories/RBTSElectronics.java,54
zombie/randomizedWorld/randomizedBuilding/TableStories/RBTSFoodPreparation.java,50
zombie/randomizedWorld/randomizedBuilding/TableStories/RBTSSandwich.java,25
zombie/randomizedWorld/randomizedBuilding/TableStories/RBTSSewing.java,74
zombie/randomizedWorld/randomizedBuilding/TableStories/RBTSSoup.java,130
zombie/randomizedWorld/randomizedBuilding/TableStories/RBTableStoryBase.java,138
zombie/randomizedWorld/randomizedDeadSurvivor/RDSBandPractice.java,98
zombie/randomizedWorld/randomizedDeadSurvivor/RDSBathroomZed.java,39
zombie/randomizedWorld/randomizedDeadSurvivor/RDSBedroomZed.java,66
zombie/randomizedWorld/randomizedDeadSurvivor/RDSBleach.java,37
zombie/randomizedWorld/randomizedDeadSurvivor/RDSCorpsePsycho.java,43
zombie/randomizedWorld/randomizedDeadSurvivor/RDSDeadDrunk.java,45
zombie/randomizedWorld/randomizedDeadSurvivor/RDSFootballNight.java,72
zombie/randomizedWorld/randomizedDeadSurvivor/RDSGunmanInBathroom.java,31
zombie/randomizedWorld/randomizedDeadSurvivor/RDSGunslinger.java,33
zombie/randomizedWorld/randomizedDeadSurvivor/RDSHenDo.java,73
zombie/randomizedWorld/randomizedDeadSurvivor/RDSHockeyPsycho.java,48
zombie/randomizedWorld/randomizedDeadSurvivor/RDSHouseParty.java,72
zombie/randomizedWorld/randomizedDeadSurvivor/RDSPokerNight.java,77
zombie/randomizedWorld/randomizedDeadSurvivor/RDSPoliceAtHouse.java,39
zombie/randomizedWorld/randomizedDeadSurvivor/RDSPrisonEscape.java,25
zombie/randomizedWorld/randomizedDeadSurvivor/RDSPrisonEscapeWithPolice.java,43
zombie/randomizedWorld/randomizedDeadSurvivor/RDSSkeletonPsycho.java,43
zombie/randomizedWorld/randomizedDeadSurvivor/RDSSpecificProfession.java,35
zombie/randomizedWorld/randomizedDeadSurvivor/RDSStagDo.java,73
zombie/randomizedWorld/randomizedDeadSurvivor/RDSStudentNight.java,72
zombie/randomizedWorld/randomizedDeadSurvivor/RDSSuicidePact.java,40
zombie/randomizedWorld/randomizedDeadSurvivor/RDSTinFoilHat.java,23
zombie/randomizedWorld/randomizedDeadSurvivor/RDSZombieLockedBathroom.java,120
zombie/randomizedWorld/randomizedDeadSurvivor/RDSZombiesEating.java,58
zombie/randomizedWorld/randomizedDeadSurvivor/RandomizedDeadSurvivorBase.java,16
zombie/randomizedWorld/randomizedVehicleStory/RVSAmbulanceCrash.java,80
zombie/randomizedWorld/randomizedVehicleStory/RVSBanditRoad.java,94
zombie/randomizedWorld/randomizedVehicleStory/RVSBurntCar.java,70
zombie/randomizedWorld/randomizedVehicleStory/RVSCarCrash.java,78
zombie/randomizedWorld/randomizedVehicleStory/RVSCarCrashCorpse.java,66
zombie/randomizedWorld/randomizedVehicleStory/RVSChangingTire.java,105
zombie/randomizedWorld/randomizedVehicleStory/RVSConstructionSite.java,123
zombie/randomizedWorld/randomizedVehicleStory/RVSCrashHorde.java,112
zombie/randomizedWorld/randomizedVehicleStory/RVSFlippedCrash.java,109
zombie/randomizedWorld/randomizedVehicleStory/RVSPoliceBlockade.java,90
zombie/randomizedWorld/randomizedVehicleStory/RVSPoliceBlockadeShooting.java,166
zombie/randomizedWorld/randomizedVehicleStory/RVSTrailerCrash.java,96
zombie/randomizedWorld/randomizedVehicleStory/RVSUtilityVehicle.java,187
zombie/randomizedWorld/randomizedVehicleStory/RandomizedVehicleStoryBase.java,419
zombie/randomizedWorld/randomizedVehicleStory/VehicleStorySpawnData.java,42
zombie/randomizedWorld/randomizedVehicleStory/VehicleStorySpawner.java,178
zombie/randomizedWorld/randomizedZoneStory/RZSBBQParty.java,78
zombie/randomizedWorld/randomizedZoneStory/RZSBaseball.java,59
zombie/randomizedWorld/randomizedZoneStory/RZSBeachParty.java,116
zombie/randomizedWorld/randomizedZoneStory/RZSBuryingCamp.java,82
zombie/randomizedWorld/randomizedZoneStory/RZSFishingTrip.java,85
zombie/randomizedWorld/randomizedZoneStory/RZSForestCamp.java,105
zombie/randomizedWorld/randomizedZoneStory/RZSForestCampEaten.java,87
zombie/randomizedWorld/randomizedZoneStory/RZSHunterCamp.java,58
zombie/randomizedWorld/randomizedZoneStory/RZSMusicFest.java,36
zombie/randomizedWorld/randomizedZoneStory/RZSMusicFestStage.java,59
zombie/randomizedWorld/randomizedZoneStory/RZSSexyTime.java,79
zombie/randomizedWorld/randomizedZoneStory/RZSTrapperCamp.java,53
zombie/randomizedWorld/randomizedZoneStory/RandomizedZoneStoryBase.java,269
zombie/sandbox/CustomBooleanSandboxOption.java,24
zombie/sandbox/CustomDoubleSandboxOption.java,29
zombie/sandbox/CustomEnumSandboxOption.java,37
zombie/sandbox/CustomIntegerSandboxOption.java,29
zombie/sandbox/CustomSandboxOption.java,45
zombie/sandbox/CustomSandboxOptions.java,132
zombie/sandbox/CustomStringSandboxOption.java,23
zombie/savefile/ClientPlayerDB.java,373
zombie/savefile/PlayerDB.java,606
zombie/savefile/PlayerDBHelper.java,248
zombie/savefile/SavefileThumbnail.java,201
zombie/savefile/ServerPlayerDB.java,275
zombie/scripting/IScriptObjectStore.java,11
zombie/scripting/ScriptManager.java,875
zombie/scripting/ScriptParser.java,283
zombie/scripting/ScriptParsingUtils.java,144
zombie/scripting/objects/AnimationsMesh.java,35
zombie/scripting/objects/BaseScriptObject.java,13
zombie/scripting/objects/EvolvedRecipe.java,590
zombie/scripting/objects/Fixing.java,253
zombie/scripting/objects/GameSoundScript.java,76
zombie/scripting/objects/Item.java,3325
zombie/scripting/objects/ItemRecipe.java,35
zombie/scripting/objects/ItemReplacement.java,12
zombie/scripting/objects/MannequinScript.java,111
zombie/scripting/objects/ModelAttachment.java,73
zombie/scripting/objects/ModelScript.java,244
zombie/scripting/objects/ModelWeaponPart.java,9
zombie/scripting/objects/MovableRecipe.java,120
zombie/scripting/objects/Recipe.java,689
zombie/scripting/objects/ScriptModule.java,557
zombie/scripting/objects/SoundTimelineScript.java,35
zombie/scripting/objects/UniqueRecipe.java,83
zombie/scripting/objects/VehicleScript.java,2235
zombie/scripting/objects/VehicleTemplate.java,31
zombie/spnetwork/SinglePlayerClient.java,245
zombie/spnetwork/SinglePlayerServer.java,259
zombie/spnetwork/UdpConnection.java,41
zombie/spnetwork/UdpEngine.java,10
zombie/spnetwork/ZomboidNetData.java,44
zombie/spnetwork/ZomboidNetDataPool.java,28
zombie/text/templating/IReplace.java,9
zombie/text/templating/IReplaceProvider.java,11
zombie/text/templating/ITemplateBuilder.java,21
zombie/text/templating/ReplaceList.java,25
zombie/text/templating/ReplaceProvider.java,60
zombie/text/templating/ReplaceProviderCharacter.java,34
zombie/text/templating/ReplaceProviderLua.java,98
zombie/text/templating/ReplaceSingle.java,26
zombie/text/templating/TemplateText.java,106
zombie/text/templating/TemplateTextBuilder.java,103
zombie/ui/ActionProgressBar.java,127
zombie/ui/Clock.java,523
zombie/ui/DialogButton.java,154
zombie/ui/FPSGraph.java,161
zombie/ui/FontsFile.java,82
zombie/ui/FontsFileFont.java,8
zombie/ui/GenericButton.java,120
zombie/ui/HUDButton.java,151
zombie/ui/LoadingQueueUI.java,82
zombie/ui/ModalDialog.java,109
zombie/ui/MoodlesUI.java,454
zombie/ui/NewHealthPanel.java,178
zombie/ui/NewWindow.java,247
zombie/ui/ObjectTooltip.java,528
zombie/ui/RadarPanel.java,281
zombie/ui/RadialMenu.java,292
zombie/ui/RadialProgressBar.java,199
zombie/ui/ScrollBar.java,217
zombie/ui/SpeedControls.java,196
zombie/ui/TextBox.java,111
zombie/ui/TextDrawHorizontal.java,8
zombie/ui/TextDrawObject.java,1092
zombie/ui/TextManager.java,331
zombie/ui/TutorialManager.java,105
zombie/ui/UI3DModel.java,173
zombie/ui/UIDebugConsole.java,445
zombie/ui/UIDialoguePanel.java,81
zombie/ui/UIElement.java,1887
zombie/ui/UIEventHandler.java,10
zombie/ui/UIFont.java,34
zombie/ui/UIManager.java,1831
zombie/ui/UINineGrid.java,136
zombie/ui/UIServerToolbox.java,183
zombie/ui/UITextBox2.java,930
zombie/ui/UITransition.java,79
zombie/ui/UI_BodyPart.java,125
zombie/ui/VehicleGauge.java,56
zombie/util/AbstractIntCollection.java,175
zombie/util/AddCoopPlayer.java,215
zombie/util/BufferedRandomAccessFile.java,129
zombie/util/ByteBufferBackedInputStream.java,32
zombie/util/ByteBufferOutputStream.java,111
zombie/util/ExecuteTimeAnalyse.java,61
zombie/util/ICloner.java,6
zombie/util/IPooledObject.java,54
zombie/util/IPredicate.java,7
zombie/util/IntCollection.java,38
zombie/util/IntComparator.java,6
zombie/util/IntIterator.java,10
zombie/util/Lambda.java,259
zombie/util/LazyValue.java,37
zombie/util/LocationRNG.java,52
zombie/util/PZCalendar.java,44
zombie/util/PZSQLUtils.java,48
zombie/util/PZXmlParserException.java,31
zombie/util/PZXmlUtil.java,417
zombie/util/Pool.java,89
zombie/util/PooledArrayObject.java,34
zombie/util/PooledFloatArrayObject.java,51
zombie/util/PooledObject.java,36
zombie/util/PooledObjectArrayObject.java,13
zombie/util/PublicServerUtil.java,257
zombie/util/RaySphereIntersectCheck.java,33
zombie/util/ResettableLazyValue.java,14
zombie/util/SharedStrings.java,22
zombie/util/StringUtils.java,193
zombie/util/Type.java,21
zombie/util/hash/DefaultIntHashFunction.java,17
zombie/util/hash/IntHashFunction.java,6
zombie/util/hash/Primes.java,824
zombie/util/io/BitHeader.java,480
zombie/util/io/BitHeaderRead.java,20
zombie/util/io/BitHeaderWrite.java,26
zombie/util/lambda/Comparators.java,81
zombie/util/lambda/Consumers.java,217
zombie/util/lambda/IntSupplierFunction.java,6
zombie/util/lambda/Invokers.java,163
zombie/util/lambda/Predicates.java,124
zombie/util/lambda/ReturnValueContainer.java,19
zombie/util/lambda/ReturnValueContainerPrimitives.java,49
zombie/util/lambda/Stacks.java,346
zombie/util/list/AbstractIntList.java,214
zombie/util/list/FloatConsumer.java,16
zombie/util/list/IntArrayList.java,315
zombie/util/list/IntList.java,28
zombie/util/list/IntListIterator.java,18
zombie/util/list/PZArrayList.java,192
zombie/util/list/PZArrayUtil.java,772
zombie/util/list/PZConvertArray.java,133
zombie/util/list/PZConvertIterable.java,32
zombie/util/list/PZConvertList.java,132
zombie/util/list/PZEmptyIterable.java,31
zombie/util/list/PZPrimitiveArrayIterable.java,28
zombie/util/list/PrimitiveFloatList.java,122
zombie/util/map/AbstractIntKeyMap.java,179
zombie/util/map/IntKeyMap.java,37
zombie/util/map/IntKeyMapIterator.java,14
zombie/util/map/IntKeyOpenHashMap.java,624
zombie/util/map/MapDefaults.java,8
zombie/util/map/NoSuchMappingException.java,10
zombie/util/set/AbstractIntSet.java,32
zombie/util/set/IntOpenHashSet.java,418
zombie/util/set/IntSet.java,7
zombie/util/util/Display.java,26
zombie/util/util/Exceptions.java,119
zombie/vehicles/AttackVehicleState.java,234
zombie/vehicles/BaseVehicle.java,9391
zombie/vehicles/CircleLineIntersect.java,1244
zombie/vehicles/Clipper.java,85
zombie/vehicles/ClipperOffset.java,34
zombie/vehicles/CollideWithObstacles.java,1460
zombie/vehicles/CollideWithObstaclesPoly.java,1214
zombie/vehicles/EditVehicleState.java,499
zombie/vehicles/EngineRPMData.java,20
zombie/vehicles/LightbarLightsMode.java,97
zombie/vehicles/LightbarSirenMode.java,48
zombie/vehicles/PathFindBehavior2.java,1027
zombie/vehicles/PathFindState2.java,84
zombie/vehicles/PolyPolyIntersect.java,70
zombie/vehicles/PolygonalMap2.java,8249
zombie/vehicles/QuadranglesIntersection.java,148
zombie/vehicles/SurroundVehicle.java,354
zombie/vehicles/TransmissionNumber.java,90
zombie/vehicles/UI3DScene.java,3661
zombie/vehicles/VehicleCache.java,88
zombie/vehicles/VehicleDBHelper.java,67
zombie/vehicles/VehicleDoor.java,59
zombie/vehicles/VehicleEngineRPM.java,86
zombie/vehicles/VehicleIDMap.java,123
zombie/vehicles/VehicleInterpolation.java,216
zombie/vehicles/VehicleInterpolationData.java,65
zombie/vehicles/VehicleInterpolationTest.java,235
zombie/vehicles/VehicleLight.java,101
zombie/vehicles/VehicleManager.java,1651
zombie/vehicles/VehicleModelCamera.java,44
zombie/vehicles/VehiclePart.java,954
zombie/vehicles/VehicleType.java,256
zombie/vehicles/VehicleWindow.java,125
zombie/vehicles/VehiclesDB2.java,1022
zombie/vehicles/test_IsQuadranglesAreTransposed.java,108
zombie/vehicles/test_VehicleCache.java,51
zombie/vehicles/testall_vehicles.java,11
zombie/world/DictionaryData.java,519
zombie/world/DictionaryDataClient.java,66
zombie/world/ItemInfo.java,270
zombie/world/WorldDictionary.java,356
zombie/world/WorldDictionaryException.java,12
zombie/world/logger/Log.java,179
zombie/world/logger/WorldDictionaryLogger.java,79
zombie/world/moddata/GlobalModData.java,325
zombie/world/moddata/ModData.java,53
zombie/worldMap/FileTask_LoadWorldMapBinary.java,34
zombie/worldMap/FileTask_LoadWorldMapXML.java,34
zombie/worldMap/ImagePyramid.java,382
zombie/worldMap/MapDefinitions.java,54
zombie/worldMap/MapProjection.java,74
zombie/worldMap/Rasterize.java,97
zombie/worldMap/StrokeGeometry.java,383
zombie/worldMap/UIWorldMap.java,446
zombie/worldMap/UIWorldMapV1.java,385
zombie/worldMap/VASErenderer.java,6
zombie/worldMap/VBOLinesUV.java,308
zombie/worldMap/WorldMap.java,235
zombie/worldMap/WorldMapBinary.java,186
zombie/worldMap/WorldMapCell.java,30
zombie/worldMap/WorldMapData.java,122
zombie/worldMap/WorldMapDataAssetManager.java,57
zombie/worldMap/WorldMapFeature.java,63
zombie/worldMap/WorldMapGeometry.java,224
zombie/worldMap/WorldMapImages.java,83
zombie/worldMap/WorldMapJNI.java,11
zombie/worldMap/WorldMapPoint.java,7
zombie/worldMap/WorldMapPoints.java,52
zombie/worldMap/WorldMapProperties.java,7
zombie/worldMap/WorldMapRemotePlayer.java,139
zombie/worldMap/WorldMapRemotePlayers.java,45
zombie/worldMap/WorldMapRenderLayer.java,12
zombie/worldMap/WorldMapRenderer.java,2367
zombie/worldMap/WorldMapSettings.java,138
zombie/worldMap/WorldMapVBOs.java,132
zombie/worldMap/WorldMapVisited.java,661
zombie/worldMap/WorldMapXML.java,152
zombie/worldMap/editor/WorldMapEditorState.java,158
zombie/worldMap/markers/WorldMapGridSquareMarker.java,72
zombie/worldMap/markers/WorldMapMarker.java,9
zombie/worldMap/markers/WorldMapMarkers.java,38
zombie/worldMap/markers/WorldMapMarkersV1.java,66
zombie/worldMap/styles/WorldMapLineStyleLayer.java,36
zombie/worldMap/styles/WorldMapPolygonStyleLayer.java,39
zombie/worldMap/styles/WorldMapStyle.java,13
zombie/worldMap/styles/WorldMapStyleLayer.java,187
zombie/worldMap/styles/WorldMapStyleV1.java,412
zombie/worldMap/styles/WorldMapTextureStyleLayer.java,64
zombie/worldMap/symbols/MapSymbolDefinitions.java,81
zombie/worldMap/symbols/WorldMapBaseSymbol.java,129
zombie/worldMap/symbols/WorldMapSymbolCollisions.java,65
zombie/worldMap/symbols/WorldMapSymbols.java,296
zombie/worldMap/symbols/WorldMapSymbolsV1.java,247
zombie/worldMap/symbols/WorldMapTextSymbol.java,96
zombie/worldMap/symbols/WorldMapTextureSymbol.java,104
